host,operation,kind,returned_size,scenario,cache_records,hot_capacity,fixture_records,requests_per_read,samples_per_version,before_p50_ms,after_p50_ms,before_p95_ms,after_p95_ms,p50_speedup,p95_speedup
native,AgentSessionMentions,query,100,population-hot,10000,10000,111,1,30,0.11938900000000001,0.062353,0.130736,0.07364,1.9147274389363784,1.7753394894079304
native,AgentSessionMentions,query,100,population-hydrate,10000,10000,111,1,30,0.691707,0.561292,0.7476619999999999,0.612269,1.2323478688454494,1.2211331947232342
native,AgentSessionMentions,query,250,population-hot,10000,10000,273,1,30,0.285408,0.147471,0.298728,0.167761,1.9353500010171492,1.7806760808531186
native,AgentSessionMentions,query,250,population-hydrate,10000,10000,273,1,30,1.578077,1.2784980000000001,1.737426,1.697726,1.2343210548628156,1.0233842210109285
native,AgentSessionMentions,query,500,population-hot,10000,10000,544,1,30,0.6218629999999999,0.42943400000000004,0.670525,0.445047,1.4480991258260871,1.506638624684584
native,AgentSessionMentions,query,500,population-hydrate,10000,10000,544,1,30,3.175924,2.143846,3.481342,2.320461,1.4814142433738244,1.500280332227088
native,ChannelListItemFields,fragment,100,population-hot,10000,10000,354,1,30,1.802934,0.943034,2.1743309999999996,1.096274,1.911844111665115,1.9833828039340529
native,ChannelListItemFields,fragment,100,population-hydrate,10000,10000,354,1,30,4.093961999999999,2.7905059999999997,4.794742,3.847661,1.4671038155804,1.2461446057747811
native,ChannelListItemFields,fragment,250,population-hot,10000,10000,895,1,30,4.299810000000001,2.262464,4.523045,2.394472,1.900498748267376,1.8889529716780988
native,ChannelListItemFields,fragment,250,population-hydrate,10000,10000,895,1,30,9.63259,6.422293,9.980402,9.877797000000001,1.499867726371251,1.0103874376037492
native,ChannelListItemFields,fragment,500,population-hot,10000,10000,1794,1,30,9.456726,5.028514,11.049976,7.687412,1.8806203979943181,1.4374117063063614
native,ChannelListItemFields,fragment,500,population-hydrate,10000,10000,1794,1,30,21.341004,15.010907999999999,23.955806,17.829866,1.4216997399491091,1.3435774559382556
native,ChannelListSoup,query,100,population-hot,10000,10000,459,1,30,1.789815,0.956264,2.0680020000000003,1.278027,1.8716745584901238,1.6181207439279455
native,ChannelListSoup,query,100,population-hydrate,10000,10000,459,1,30,5.1606309999999995,3.1776769999999996,5.547792,3.7244569999999997,1.6240262934212635,1.4895572696905885
native,ChannelListSoup,query,250,population-hot,10000,10000,1148,1,30,4.580049999999999,2.287581,5.957717000000001,2.9264699999999997,2.0021367549389506,2.0358032031765236
native,ChannelListSoup,query,250,population-hydrate,10000,10000,1148,1,30,13.00614,7.135413000000001,15.174923999999999,9.515173,1.8227592432281072,1.5948132524758087
native,ChannelListSoup,query,500,population-hot,10000,10000,2288,1,30,10.431188,5.134171,12.802665,6.605338,2.0317180709407614,1.9382301102532526
native,ChannelListSoup,query,500,population-hydrate,10000,10000,2288,1,30,31.792621,15.661784,47.685702000000006,18.665419999999997,2.0299488870488824,2.554761800163083
native,ChannelUnreadPresence,query,100,population-hot,10000,10000,120,1,30,0.127101,0.065097,0.136144,0.104878,1.9524862896907687,1.2981178130780524
native,ChannelUnreadPresence,query,100,population-hydrate,10000,10000,120,1,30,0.7248779999999999,0.615263,0.940782,0.831648,1.1781595837877459,1.1312261918503983
native,ChannelUnreadPresence,query,250,population-hot,10000,10000,294,1,30,0.30687100000000006,0.194853,0.454561,0.21558300000000002,1.5748846566385943,2.108519688472653
native,ChannelUnreadPresence,query,250,population-hydrate,10000,10000,294,1,30,1.7851579999999998,1.2796100000000001,2.199199,1.371737,1.3950797508615904,1.6032220462085662
native,ChannelUnreadPresence,query,500,population-hot,10000,10000,586,1,30,0.6407710000000001,0.31407100000000004,0.910676,0.38254400000000005,2.040210653005212,2.3805784432640427
native,ChannelUnreadPresence,query,500,population-hydrate,10000,10000,586,1,30,3.2515370000000003,2.3369660000000003,4.544587000000001,3.2947219999999997,1.391349724386234,1.379353705714777
native,EmailThreadMessageFields,fragment,100,population-hot,10000,10000,500,1,30,4.203536,1.927701,6.111196999999999,2.48671,2.180595434665438,2.4575430991148943
native,EmailThreadMessageFields,fragment,100,population-hydrate,10000,10000,500,1,30,9.283166000000001,6.752669,10.909094,8.203145000000001,1.3747402693660835,1.329867264323622
native,EmailThreadMessageFields,fragment,250,population-hot,10000,10000,1250,1,30,13.001271999999998,8.922324,14.789034,10.75959,1.4571620577777715,1.374497913024567
native,EmailThreadMessageFields,fragment,250,population-hydrate,10000,10000,1250,1,30,24.160032000000005,19.459681,28.266251,21.59941,1.2415430653770738,1.3086584772454433
native,EmailThreadMessageFields,fragment,500,population-hot,10000,10000,2500,1,30,30.301475000000003,19.043216,38.193923999999996,21.408875,1.5911952581958846,1.784022934413882
native,EmailThreadMessageFields,fragment,500,population-hydrate,10000,10000,2500,1,30,52.751913,34.529747,59.040606,38.568756,1.527723704433745,1.5307884444082147
native,EmailThreadPage,query,100,population-hot,10000,10000,603,1,30,3.6156840000000003,1.8120589999999999,4.583055,2.2730699999999997,1.9953456261633866,2.0162401509852317
native,EmailThreadPage,query,100,population-hydrate,10000,10000,603,1,30,11.266571,6.124638,12.470175999999999,8.219950999999998,1.839548884358553,1.5170620846766605
native,EmailThreadPage,query,250,population-hot,10000,10000,1503,1,30,10.738108,7.806711,13.281604000000002,10.703226,1.3754970563147528,1.240897277138687
native,EmailThreadPage,query,250,population-hydrate,10000,10000,1503,1,30,33.28734299999999,20.555394,36.404078999999996,27.777528999999998,1.6193969816389797,1.3105585813626546
native,EmailThreadPage,query,500,population-hot,10000,10000,3003,1,30,26.679111,19.951098,30.653683,22.816857,1.3372251993348936,1.343466499351773
native,EmailThreadPage,query,500,population-hydrate,10000,10000,3003,1,30,77.83638099999999,38.215326,87.03329699999999,45.129637,2.036784430414122,1.9285175504513805
native,EntityActivity,query,100,population-hot,10000,10000,302,1,30,0.7870410000000001,0.37075600000000003,0.811487,0.43087600000000004,2.122800440181683,1.8833423072995477
native,EntityActivity,query,100,population-hydrate,10000,10000,302,1,30,2.256265,1.71973,2.414752,2.244777,1.3119879283375877,1.075720216306564
native,EntityActivity,query,250,population-hot,10000,10000,752,1,30,2.024467,0.943305,2.177356,0.99295,2.1461425519847768,2.1928153482048445
native,EntityActivity,query,250,population-hydrate,10000,10000,752,1,30,5.726590999999999,3.781102,7.202655,5.598127,1.5145296265480273,1.2866187208686048
native,EntityActivity,query,500,population-hot,10000,10000,1502,1,30,4.37275,2.0056380000000003,4.989575,2.940351,2.1802289346332686,1.6969317608680055
native,EntityActivity,query,500,population-hydrate,10000,10000,1502,1,30,11.822885,8.08628,13.584957999999999,12.57943,1.4620919631771347,1.079934305449452
native,EntityProperties,query,100,population-hot,10000,10000,302,1,30,0.896415,0.5817129999999999,1.171958,0.614752,1.5409918636853568,1.9063915204830568
native,EntityProperties,query,100,population-hydrate,10000,10000,302,1,30,2.794963,1.862624,3.3247370000000003,1.978648,1.500551372687134,1.6803074624693226
native,EntityProperties,query,250,population-hot,10000,10000,752,1,30,2.302404,1.0947719999999999,2.6438759999999997,1.2454180000000001,2.1030899584571037,2.122882437864235
native,EntityProperties,query,250,population-hydrate,10000,10000,752,1,30,6.000290999999999,4.025048,7.24621,5.380560999999999,1.4907377502081962,1.3467387508477278
native,EntityProperties,query,500,population-hot,10000,10000,1502,1,30,5.571478,2.748283,8.741844,3.342143,2.0272577460181505,2.615640324187206
native,EntityProperties,query,500,population-hydrate,10000,10000,1502,1,30,12.542475,9.516285,14.599541,11.890156000000001,1.318001194793977,1.2278679102275867
native,Favorites,query,100,population-hot,10000,10000,102,1,30,0.272149,0.17629399999999998,0.28231300000000004,0.190225,1.5437224182331788,1.4841004074122752
native,Favorites,query,100,population-hydrate,10000,10000,102,1,30,0.77352,0.650946,0.827451,0.817526,1.1883013337511867,1.0121402866697817
native,Favorites,query,250,population-hot,10000,10000,252,1,30,0.679429,0.32518800000000003,0.718768,0.409935,2.0893421651475452,1.7533706563235634
native,Favorites,query,250,population-hydrate,10000,10000,252,1,30,1.836435,1.51366,1.912569,1.915233,1.2132414148487771,0.9986090465233212
native,Favorites,query,500,population-hot,10000,10000,502,1,30,1.395183,0.692408,1.460351,0.911517,2.0149723862231514,1.6021105475816686
native,Favorites,query,500,population-hydrate,10000,10000,502,1,30,3.678849,2.671588,5.1168450000000005,3.013029,1.3770270715394741,1.6982395456532282
native,GraphqlChannelQuickAccessFields,fragment,100,population-hot,10000,10000,100,1,30,0.467562,0.231116,0.48883399999999994,0.268563,2.023062012149743,1.820183718531592
native,GraphqlChannelQuickAccessFields,fragment,100,population-hydrate,10000,10000,100,1,30,0.784297,0.740541,0.82021,1.0291839999999999,1.0590865326835381,0.796951759840806
native,GraphqlChannelQuickAccessFields,fragment,250,population-hot,10000,10000,250,1,30,1.174462,0.609143,1.415213,0.692058,1.9280563020505856,2.044934095119195
native,GraphqlChannelQuickAccessFields,fragment,250,population-hydrate,10000,10000,250,1,30,2.042374,2.0421129999999996,2.3925389999999997,2.512609,1.0001278087941265,0.9522130184202954
native,GraphqlChannelQuickAccessFields,fragment,500,population-hot,10000,10000,500,1,30,2.3931799999999996,1.236475,3.450055,1.598838,1.935485958066277,2.1578515146625237
native,GraphqlChannelQuickAccessFields,fragment,500,population-hydrate,10000,10000,500,1,30,4.081132,4.291618,5.428824,5.203746,0.9509541622763259,1.0432530719216502
native,GraphqlChatQuickAccessName,fragment,100,population-hot,10000,10000,100,1,30,0.198648,0.107792,0.22959400000000002,0.162524,1.8428825886893276,1.4126775122443456
native,GraphqlChatQuickAccessName,fragment,100,population-hydrate,10000,10000,100,1,30,0.49145700000000003,0.484526,0.539439,0.6097140000000001,1.0143047019148612,0.8847410425215756
native,GraphqlChatQuickAccessName,fragment,250,population-hot,10000,10000,250,1,30,0.691127,0.29985,0.8118679999999999,0.411478,2.3049091212272805,1.9730532373541232
native,GraphqlChatQuickAccessName,fragment,250,population-hydrate,10000,10000,250,1,30,1.227892,1.251817,1.4579669999999998,1.849034,0.9808877815207814,0.7885019961774634
native,GraphqlChatQuickAccessName,fragment,500,population-hot,10000,10000,500,1,30,1.0644770000000001,0.6560739999999999,1.260491,0.97309,1.6224953282708965,1.2953488372093023
native,GraphqlChatQuickAccessName,fragment,500,population-hydrate,10000,10000,500,1,30,2.471117,2.305228,2.767402,3.461092,1.0719620792390168,0.7995748162718588
native,GraphqlCrmCompanyQuickAccessFields,fragment,100,population-hot,10000,10000,100,1,30,0.32700999999999997,0.15525299999999997,0.38219300000000006,0.17331,2.106303903950326,2.20525647683342
native,GraphqlCrmCompanyQuickAccessFields,fragment,100,population-hydrate,10000,10000,100,1,30,0.641593,0.591197,0.716875,0.8420129999999999,1.0852440049594296,0.851382342077854
native,GraphqlCrmCompanyQuickAccessFields,fragment,250,population-hot,10000,10000,250,1,30,0.905328,0.450115,1.137927,0.604717,2.01132599446808,1.881751298541301
native,GraphqlCrmCompanyQuickAccessFields,fragment,250,population-hydrate,10000,10000,250,1,30,1.6852779999999998,1.7376760000000002,2.360101,2.15327,0.9698459321530594,1.096054373116237
native,GraphqlCrmCompanyQuickAccessFields,fragment,500,population-hot,10000,10000,500,1,30,1.745148,0.939369,1.9475419999999999,1.331788,1.8577875148104737,1.4623513652323041
native,GraphqlCrmCompanyQuickAccessFields,fragment,500,population-hydrate,10000,10000,500,1,30,3.278137,3.150305,3.6985279999999996,4.564768,1.040577658353715,0.8102335102243969
native,GraphqlDocumentQuickAccessName,fragment,100,population-hot,10000,10000,100,1,30,0.260911,0.13547299999999998,0.28065099999999993,0.197006,1.9259261993164691,1.4245809772291196
native,GraphqlDocumentQuickAccessName,fragment,100,population-hydrate,10000,10000,100,1,30,0.5808719999999999,0.565438,0.6742919999999999,0.8206720000000001,1.0272956539885894,0.8216339780082663
native,GraphqlDocumentQuickAccessName,fragment,250,population-hot,10000,10000,250,1,30,0.6893440000000001,0.38654,0.867922,0.417076,1.7833704144461118,2.0809684565882476
native,GraphqlDocumentQuickAccessName,fragment,250,population-hydrate,10000,10000,250,1,30,1.4680719999999998,1.3865399999999999,1.6630449999999999,1.6702959999999998,1.058802486765618,0.995658853281095
native,GraphqlDocumentQuickAccessName,fragment,500,population-hot,10000,10000,500,1,30,1.404587,0.810125,1.583445,0.8590789999999999,1.7337904644345008,1.8431890431496987
native,GraphqlDocumentQuickAccessName,fragment,500,population-hydrate,10000,10000,500,1,30,2.940732,2.5895639999999998,3.176114,2.872129,1.135608928761753,1.1058396053937687
native,GraphqlProjectQuickAccessName,fragment,100,population-hot,10000,10000,100,1,30,0.195042,0.10685,0.20661000000000002,0.12327500000000001,1.8253813757604118,1.6760089231393227
native,GraphqlProjectQuickAccessName,fragment,100,population-hydrate,10000,10000,100,1,30,0.49861800000000006,0.47888899999999995,0.5364249999999999,0.6162439999999999,1.0411974382372535,0.8704750066532089
native,GraphqlProjectQuickAccessName,fragment,250,population-hot,10000,10000,250,1,30,0.508854,0.300101,0.62659,0.402353,1.6956091449212098,1.5573140998078803
native,GraphqlProjectQuickAccessName,fragment,250,population-hydrate,10000,10000,250,1,30,1.251127,1.2597089999999997,1.404467,1.651027,0.9931873154831793,0.8506626481577829
native,GraphqlProjectQuickAccessName,fragment,500,population-hot,10000,10000,500,1,30,1.0362550000000001,0.6415120000000001,1.243395,0.881543,1.6153322151417278,1.4104757226817068
native,GraphqlProjectQuickAccessName,fragment,500,population-hydrate,10000,10000,500,1,30,2.495854,2.3071010000000003,2.814883,3.1878520000000004,1.081813930122695,0.8830030377821805
native,GroupSoup,query,100,population-hot,10000,10000,1085,1,30,7.657748,3.4495940000000003,9.405819,4.221793,2.219898341659917,2.2279204593877533
native,GroupSoup,query,100,population-hydrate,10000,10000,1085,1,30,18.171067999999998,10.939279,21.731449,12.647251999999998,1.661084610786506,1.718274372962601
native,GroupSoup,query,250,population-hot,10000,10000,2712,1,30,24.182726000000002,13.256986000000001,27.938509999999997,14.842744999999999,1.8241496219427251,1.8823007469305713
native,GroupSoup,query,250,population-hydrate,10000,10000,2712,1,30,56.157901,27.897728,64.973195,34.90478000000001,2.0129919181949156,1.861441183700341
native,GroupSoup,query,500,population-hot,10000,10000,5426,1,30,59.473495,37.695906,64.59930499999999,51.812953,1.5777176173985579,1.2467790631427627
native,GroupSoup,query,500,population-hydrate,10000,10000,5426,1,30,114.31215699999998,58.551902,128.681052,81.973326,1.9523218391778288,1.5697917637256782
native,GroupSoupMembership,query,100,population-hot,10000,10000,202,1,30,0.302183,0.14559899999999998,0.41085699999999997,0.21378,2.075446946751008,1.9218682757975487
native,GroupSoupMembership,query,100,population-hydrate,10000,10000,202,1,30,1.303946,1.0470599999999999,1.704597,1.335022,1.2453402861345102,1.2768306439893875
native,GroupSoupMembership,query,250,population-hot,10000,10000,502,1,30,0.800922,0.387822,0.852559,0.5089130000000001,2.065179386419543,1.6752549060448443
native,GroupSoupMembership,query,250,population-hydrate,10000,10000,502,1,30,3.105759,2.183565,3.168252,2.518948,1.4223341187461789,1.2577679253402612
native,GroupSoupMembership,query,500,population-hot,10000,10000,1002,1,30,1.6756239999999998,0.797567,1.7750730000000001,1.046049,2.1009194211896927,1.6969310233077037
native,GroupSoupMembership,query,500,population-hydrate,10000,10000,1002,1,30,6.186559999999999,4.023225,6.410857,5.223745999999999,1.5377116616644606,1.227252818188327
native,ItemPreview,query,100,population-hot,10000,10000,102,1,30,0.184136,0.08703100000000001,0.19428199999999998,0.131927,2.1157518585331663,1.4726477521659704
native,ItemPreview,query,100,population-hydrate,10000,10000,102,1,30,0.6464300000000001,0.535132,0.706179,0.583705,1.207982329593446,1.2098217421471462
native,ItemPreview,query,250,population-hot,10000,10000,252,1,30,0.46689099999999994,0.203656,0.6710470000000001,0.30450699999999997,2.2925472365164787,2.203716170728424
native,ItemPreview,query,250,population-hydrate,10000,10000,252,1,30,1.488002,1.303295,1.631488,1.600351,1.1417230941575007,1.0194563567617354
native,ItemPreview,query,500,population-hot,10000,10000,502,1,30,0.9576370000000001,0.423636,1.372079,0.475523,2.2605184639643467,2.8854103797292665
native,ItemPreview,query,500,population-hydrate,10000,10000,502,1,30,2.9816320000000003,2.23352,3.050015,2.710576,1.3349475267738817,1.1252276268955381
native,ItemPreviewFields,fragment,100,population-hot,10000,10000,100,1,30,0.24504699999999996,0.132869,0.257647,0.161642,1.8442751883434056,1.5939359819848802
native,ItemPreviewFields,fragment,100,population-hydrate,10000,10000,100,1,30,0.5541820000000001,0.5469010000000001,0.6297950000000001,0.7671209999999999,1.0133131956240709,0.8209852161523411
native,ItemPreviewFields,fragment,250,population-hot,10000,10000,250,1,30,0.665058,0.361372,0.7062999999999999,0.555693,1.8403694807566717,1.2710255482793555
native,ItemPreviewFields,fragment,250,population-hydrate,10000,10000,250,1,30,1.4289540000000003,1.365779,1.588453,1.900201,1.0462556533670528,0.8359394611412161
native,ItemPreviewFields,fragment,500,population-hot,10000,10000,500,1,30,1.388092,0.799199,1.790896,1.148633,1.736854025092624,1.559154229418796
native,ItemPreviewFields,fragment,500,population-hydrate,10000,10000,500,1,30,2.8608510000000003,2.6521589999999997,3.731107,3.487552,1.0786875899974324,1.06983551786468
native,ItemPreviewFileTypeCacheWrite,query,100,population-hot,10000,10000,102,1,30,0.09660500000000001,0.054001,0.13168800000000003,0.065468,1.7889483528082815,2.011486527769292
native,ItemPreviewFileTypeCacheWrite,query,100,population-hydrate,10000,10000,102,1,30,0.520531,0.500661,0.560922,0.668312,1.0396875330812665,0.8393115790229714
native,ItemPreviewFileTypeCacheWrite,query,250,population-hot,10000,10000,252,1,30,0.22377599999999997,0.125578,0.23779599999999998,0.183855,1.781968179139658,1.2933888118354138
native,ItemPreviewFileTypeCacheWrite,query,250,population-hydrate,10000,10000,252,1,30,1.167361,1.742374,1.20649,1.867752,0.6699830231626506,0.6459583499308259
native,ItemPreviewFileTypeCacheWrite,query,500,population-hot,10000,10000,502,1,30,0.484727,0.26039,0.554883,0.29616400000000004,1.861542301931718,1.8735666725192797
native,ItemPreviewFileTypeCacheWrite,query,500,population-hydrate,10000,10000,502,1,30,2.3929,1.947942,2.727321,2.744577,1.228424665621461,0.9937126923383821
native,ItemPreviewNameCacheWrite,query,100,population-hot,10000,10000,102,1,30,0.156114,0.07317900000000001,0.216705,0.088232,2.133316935186324,2.4560816937165657
native,ItemPreviewNameCacheWrite,query,100,population-hydrate,10000,10000,102,1,30,0.6017629999999999,0.510536,0.649434,0.594703,1.17868867229735,1.0920308120187725
native,ItemPreviewNameCacheWrite,query,250,population-hot,10000,10000,252,1,30,0.38709999999999994,0.165859,0.415273,0.17995000000000003,2.3339101284826267,2.307713253681578
native,ItemPreviewNameCacheWrite,query,250,population-hydrate,10000,10000,252,1,30,2.1569949999999998,1.285548,2.22689,1.7011120000000002,1.6778797835631185,1.3090790024407564
native,ItemPreviewNameCacheWrite,query,500,population-hot,10000,10000,502,1,30,0.8082630000000001,0.343185,0.9657789999999999,0.43827699999999997,2.355181607587744,2.2035812967598116
native,ItemPreviewNameCacheWrite,query,500,population-hydrate,10000,10000,502,1,30,2.8453380000000004,2.055824,3.9816829999999994,2.384837,1.3840377386391054,1.6695828687662928
native,ItemPreviews,query,100,population-hot,10000,10000,118,1,30,0.283485,0.129804,0.413961,0.174061,2.183946565591199,2.3782524517266936
native,ItemPreviews,query,100,population-hydrate,10000,10000,118,1,30,1.038948,0.71288,1.557687,0.911347,1.4573953540567839,1.7092139437557814
native,ItemPreviews,query,250,population-hot,10000,10000,294,1,30,0.7067,0.324046,1.0357140000000002,0.509063,2.1808632107787167,2.0345497512095756
native,ItemPreviews,query,250,population-hydrate,10000,10000,294,1,30,2.461602,1.749224,3.4723779999999995,2.211808,1.4072537307971993,1.5699274078039323
native,ItemPreviews,query,500,population-hot,10000,10000,586,1,30,1.441051,0.627591,1.482964,0.7096140000000001,2.2961626282084993,2.0898178446310247
native,ItemPreviews,query,500,population-hydrate,10000,10000,586,1,30,4.973840999999999,2.8945320000000003,5.467512,3.427781,1.718357579049048,1.5950587274974684
native,MailAccounts,query,100,population-hot,10000,10000,102,1,30,0.124587,0.060601,0.13375,0.084417,2.0558571640732004,1.5843965078124074
native,MailAccounts,query,100,population-hydrate,10000,10000,102,1,30,0.566269,0.4887230000000001,0.6009410000000001,0.568433,1.1586706580210056,1.0571887979761907
native,MailAccounts,query,250,population-hot,10000,10000,252,1,30,0.297406,0.21558300000000002,0.3103250000000001,0.234412,1.379542913866121,1.323844342439807
native,MailAccounts,query,250,population-hydrate,10000,10000,252,1,30,1.279529,1.689104,1.4244670000000001,1.922654,0.7575193712169291,0.74088577559977
native,MailAccounts,query,500,population-hot,10000,10000,502,1,30,0.6399199999999999,0.315113,0.652148,0.368923,2.0307635673552027,1.7677076246262768
native,MailAccounts,query,500,population-hydrate,10000,10000,502,1,30,2.588363,1.9557440000000001,2.692069,2.6026640000000003,1.3234671817988448,1.0343513415485055
native,MailItemFields,fragment,100,population-hot,10000,10000,536,1,30,3.4530899999999995,1.8471609999999998,3.708893,2.281363,1.869403912274025,1.625735580001955
native,MailItemFields,fragment,100,population-hydrate,10000,10000,536,1,30,6.942375,4.974442,8.121573999999999,5.889906,1.3956087939109552,1.3788970486116416
native,MailItemFields,fragment,250,population-hot,10000,10000,1353,1,30,8.903236000000001,5.888964,10.513021,8.612378999999999,1.5118509809195642,1.22068722242716
native,MailItemFields,fragment,250,population-hydrate,10000,10000,1353,1,30,23.825029,15.906239999999999,27.455796000000003,19.461915,1.497841664654878,1.4107448316365578
native,MailItemFields,fragment,500,population-hot,10000,10000,2710,1,30,23.256948,16.522845,26.138880999999998,19.976886999999998,1.4075631648181652,1.308456167369821
native,MailItemFields,fragment,500,population-hydrate,10000,10000,2710,1,30,41.221085,29.578229,45.297760000000004,33.328796000000004,1.3936292467003348,1.3591178031153601
native,MyActivity,query,100,population-hot,10000,10000,102,1,30,0.30656,0.141883,0.319279,0.181602,2.160653496190523,1.7581249105186065
native,MyActivity,query,100,population-hydrate,10000,10000,102,1,30,0.8074410000000001,0.6405210000000001,0.848542,0.742874,1.2606003550234886,1.1422421568125953
native,MyActivity,query,250,population-hot,10000,10000,252,1,30,0.7681520000000001,0.371217,0.8072710000000001,0.5148429999999999,2.0692802323169466,1.5679945148326775
native,MyActivity,query,250,population-hydrate,10000,10000,252,1,30,1.9222340000000002,1.452358,2.344437,1.782444,1.323526293104042,1.3152934958966453
native,MyActivity,query,500,population-hot,10000,10000,502,1,30,1.5562340000000001,0.7581070000000001,1.787622,1.05983,2.052789381973785,1.6867063585669397
native,MyActivity,query,500,population-hydrate,10000,10000,502,1,30,3.849685,2.9306970000000003,4.153630999999999,3.998618,1.313573187538664,1.0387666438754588
native,MyActivityOverview,query,100,population-hot,10000,10000,2,1,30,0.162934,0.077506,0.17471199999999998,0.08865300000000001,2.1022114416948363,1.9707398508792706
native,MyActivityOverview,query,100,population-hydrate,10000,10000,2,1,30,0.30323500000000003,0.24221299999999998,0.36677,0.310816,1.2519352801047012,1.1800229074436324
native,MyActivityOverview,query,250,population-hot,10000,10000,2,1,30,0.384276,0.193511,0.417346,0.20756099999999997,1.9858095922195638,2.0107149223601737
native,MyActivityOverview,query,250,population-hydrate,10000,10000,2,1,30,0.571117,0.393821,0.600191,0.452028,1.4501943776487287,1.327773943207058
native,MyActivityOverview,query,500,population-hot,10000,10000,2,1,30,0.7509969999999999,0.405989,0.778388,0.508552,1.849796423055797,1.530596674479699
native,MyActivityOverview,query,500,population-hydrate,10000,10000,2,1,30,1.038357,0.7503759999999999,1.1933300000000002,0.9129789999999999,1.383782263825069,1.307072780425399
native,Soup,query,100,population-hot,10000,10000,641,1,30,3.58653,1.7763440000000001,3.676955,1.9964240000000002,2.0190514900267065,1.8417705858074234
native,Soup,query,100,population-hydrate,10000,10000,641,1,30,9.356696,5.72633,11.154784,6.725529000000001,1.633977783327192,1.6585734742947356
native,Soup,query,250,population-hot,10000,10000,1606,1,30,10.293471,6.210987,11.789394999999999,9.728794,1.6573003614401383,1.2118043613627751
native,Soup,query,250,population-hydrate,10000,10000,1606,1,30,23.566712,14.590948000000001,27.522456000000002,19.866911,1.6151597552126153,1.3853414856491784
native,Soup,query,500,population-hot,10000,10000,3204,1,30,23.946292,13.670506999999999,28.554184,18.837257,1.7516754865053652,1.515835559285516
native,Soup,query,500,population-hydrate,10000,10000,3204,1,30,58.639163999999994,29.7447,66.15386600000001,37.341544999999996,1.9714155462990044,1.771588883105935
native,SoupBackfill,query,100,population-hot,10000,10000,721,1,30,4.306009,2.0732900000000005,5.0652989999999996,2.2359340000000003,2.0768966232413213,2.265406313424278
native,SoupBackfill,query,100,population-hydrate,10000,10000,721,1,30,15.558779999999999,6.336826,19.448995,6.914833,2.455295442860511,2.8126485484175827
native,SoupBackfill,query,250,population-hot,10000,10000,1816,1,30,13.583737000000001,7.445759,15.733231,10.283596000000001,1.824358940438443,1.5299347621201764
native,SoupBackfill,query,250,population-hydrate,10000,10000,1816,1,30,40.589407,21.539751,47.234616,27.727393,1.8843953674301992,1.7035361384317669
native,SoupBackfill,query,500,population-hot,10000,10000,3614,1,30,32.477258,19.545690000000004,37.189087,23.643728,1.661607136918676,1.5728943845065382
native,SoupBackfill,query,500,population-hydrate,10000,10000,3614,1,30,98.14755899999999,43.580474,138.074763,48.695206,2.2520993920350656,2.8354898632115857
native,SoupItemFields,fragment,100,population-hot,10000,10000,536,1,30,3.3582780000000003,1.794152,4.310847,2.415813,1.8717912417676987,1.7844290928147168
native,SoupItemFields,fragment,100,population-hydrate,10000,10000,536,1,30,6.8248180000000005,4.766631,7.642724,5.781373,1.4317907133990442,1.3219565663727284
native,SoupItemFields,fragment,250,population-hot,10000,10000,1353,1,30,8.966689999999998,5.423205000000001,10.454572,7.055184000000001,1.6533931503603492,1.4818283973883601
native,SoupItemFields,fragment,250,population-hydrate,10000,10000,1353,1,30,18.216896000000002,13.552881,21.857648,16.660601999999997,1.344134579208657,1.3119362673689703
native,SoupItemFields,fragment,500,population-hot,10000,10000,2710,1,30,26.830137,17.709735000000002,31.45116,20.284078,1.5149937026161033,1.550534364933915
native,SoupItemFields,fragment,500,population-hydrate,10000,10000,2710,1,30,44.760414,30.387593000000003,49.037079999999996,35.272061,1.472983200742487,1.390252755573313
native,SoupMailBackfill,query,100,population-hot,10000,10000,641,1,30,3.5943210000000003,1.7376360000000002,4.711517,2.4998199999999997,2.068512047402333,1.8847425014601054
native,SoupMailBackfill,query,100,population-hydrate,10000,10000,641,1,30,8.361694,5.234011000000001,9.775224,6.261683,1.5975690536378313,1.5611176739544306
native,SoupMailBackfill,query,250,population-hot,10000,10000,1606,1,30,10.884207,4.229545,15.714213,5.45353,2.573375386714174,2.881475484686066
native,SoupMailBackfill,query,250,population-hydrate,10000,10000,1606,1,30,24.013823,13.044518,28.313283000000002,18.280210999999998,1.8409130180202902,1.5488488070515163
native,SoupMailBackfill,query,500,population-hot,10000,10000,3204,1,30,23.482576,14.478599,26.262365999999997,20.511499,1.6218817856617205,1.280372828919037
native,SoupMailBackfill,query,500,population-hydrate,10000,10000,3204,1,30,53.093574000000004,31.097418,71.050231,41.959261999999995,1.7073306214683162,1.6933146011957982
native,SoupMembership,query,100,population-hot,10000,10000,102,1,30,0.089865,0.064166,0.103045,0.07177800000000001,1.4005080572265687,1.4356070105046113
native,SoupMembership,query,100,population-hydrate,10000,10000,102,1,30,0.5202899999999999,0.466159,0.54652,0.525838,1.1161213234111107,1.0393315051403662
native,SoupMembership,query,250,population-hot,10000,10000,252,1,30,0.208142,0.11456200000000001,0.22093100000000002,0.127381,1.8168502644856057,1.734410940407125
native,SoupMembership,query,250,population-hydrate,10000,10000,252,1,30,1.158327,1.1034659999999998,1.217346,1.560821,1.049716982670966,0.7799395318233161
native,SoupMembership,query,500,population-hot,10000,10000,502,1,30,0.45856800000000003,0.24870300000000004,0.49890799999999996,0.344597,1.8438378306654926,1.4478013447592404
native,SoupMembership,query,500,population-hydrate,10000,10000,502,1,30,2.391998,1.92627,2.665348,2.573871,1.2417771132811082,1.0355406312126754
native,SoupNotifications,query,100,population-hot,10000,10000,302,1,30,1.724637,0.8361850000000001,1.782513,1.10001,2.0625065027475977,1.6204516322578886
native,SoupNotifications,query,100,population-hydrate,10000,10000,302,1,30,3.650766,2.58666,3.797096,2.916986,1.4113822458305303,1.301718966083485
native,SoupNotifications,query,250,population-hot,10000,10000,752,1,30,4.479249000000001,2.054292,4.922204000000001,2.6075909999999998,2.1804344270434783,1.8876441895987526
native,SoupNotifications,query,250,population-hydrate,10000,10000,752,1,30,9.047481,6.019550000000001,9.409415000000001,7.260862,1.5030161723052387,1.2959088053181564
native,SoupNotifications,query,500,population-hot,10000,10000,1502,1,30,10.207462000000001,4.797396,10.850245999999999,5.637727000000001,2.127708865392809,1.9245781145486467
native,SoupNotifications,query,500,population-hydrate,10000,10000,1502,1,30,23.544408999999998,13.47984,29.160183,17.587902999999997,1.7466386099538274,1.6579681500404002
native,SoupSharedMailBackfill,query,100,population-hot,10000,10000,641,1,30,3.8704560000000003,1.824197,4.250627,2.083135,2.1217313700219878,2.0404952151444817
native,SoupSharedMailBackfill,query,100,population-hydrate,10000,10000,641,1,30,9.061563,5.259549,11.088563,6.6087240000000005,1.7228783304424011,1.6778674673053375
native,SoupSharedMailBackfill,query,250,population-hot,10000,10000,1606,1,30,10.212971,4.629785,11.724877999999999,5.350626,2.205927705066218,2.191309577608302
native,SoupSharedMailBackfill,query,250,population-hydrate,10000,10000,1606,1,30,24.64528,14.276354999999999,26.786402000000002,18.734042999999996,1.7263005858288056,1.4298249448877642
native,SoupSharedMailBackfill,query,500,population-hot,10000,10000,3204,1,30,25.676477,17.151649000000003,30.396296999999997,23.527092,1.497026729033459,1.291969997822085
native,SoupSharedMailBackfill,query,500,population-hydrate,10000,10000,3204,1,30,56.284622000000006,30.342065,64.02987,37.845841,1.8550030131436341,1.6918601438926937
chromium,AgentSessionMentions,query,100,population-hot,10000,10000,111,1,30,0.7999997138977051,0.5,3.3000001907348633,1.0,1.5999994277954102,3.3000001907348633
chromium,AgentSessionMentions,query,100,population-hydrate,10000,10000,111,1,30,2.6000003814697266,2.0999999046325684,4.900000095367432,3.4000000953674316,1.2380954759731964,1.4411764582135689
chromium,AgentSessionMentions,query,250,population-hot,10000,10000,273,1,30,1.299999713897705,0.7999999523162842,3.9000000953674316,1.7000000476837158,1.6249997392296636,2.294117638809046
chromium,AgentSessionMentions,query,250,population-hydrate,10000,10000,273,1,30,3.4000000953674316,2.5999999046325684,4.5,4.6000001430511475,1.3076923923379602,0.978260839143188
chromium,AgentSessionMentions,query,500,population-hot,10000,10000,544,1,30,2.8000001907348633,1.2999999523162842,6.399999618530273,1.7999999523162842,2.1538463795678937,3.5555554378179823
chromium,AgentSessionMentions,query,500,population-hydrate,10000,10000,544,1,30,7.599999904632568,4.599999904632568,9.0,5.800000190734863,1.652173926564381,1.5517240869020894
chromium,ChannelListItemFields,fragment,100,population-hot,10000,10000,356,1,30,6.400000095367432,3.1000001430511475,8.299999713897705,4.599999904632568,2.064516064527755,1.804347801298635
chromium,ChannelListItemFields,fragment,100,population-hydrate,10000,10000,356,1,30,10.400000095367432,6.5,13.799999713897705,8.699999809265137,1.6000000146719127,1.5862068984416853
chromium,ChannelListItemFields,fragment,250,population-hot,10000,10000,897,1,30,15.599999904632568,9.900000095367432,19.199999809265137,12.400000095367432,1.575757550945113,1.5483870694838258
chromium,ChannelListItemFields,fragment,250,population-hydrate,10000,10000,897,1,30,23.800000190734863,14.5,28.799999713897705,19.59999990463257,1.641379323498956,1.4693877476545634
chromium,ChannelListItemFields,fragment,500,population-hot,10000,10000,1796,1,30,32.19999980926514,15.400000095367432,37.09999990463257,20.799999952316284,2.090909065575358,1.7836538456578757
chromium,ChannelListItemFields,fragment,500,population-hydrate,10000,10000,1796,1,30,47.0,27.399999856948853,57.0,31.399999856948853,1.7153284761087484,1.8152866324738484
chromium,ChannelListSoup,query,100,population-hot,10000,10000,459,1,30,6.399999618530273,4.099999904632568,8.599999904632568,5.1000001430511475,1.5609755530235372,1.686274443805701
chromium,ChannelListSoup,query,100,population-hydrate,10000,10000,459,1,30,11.600000381469727,7.299999952316284,14.699999809265137,8.699999809265137,1.5890411585261799,1.6896551875334813
chromium,ChannelListSoup,query,250,population-hot,10000,10000,1148,1,30,22.0,8.700000047683716,27.199999809265137,13.599999904632568,2.5287356183241942,2.0
chromium,ChannelListSoup,query,250,population-hydrate,10000,10000,1148,1,30,30.90000009536743,16.100000143051147,44.69999980926514,20.09999990463257,1.9192546472556429,2.22388059807716
chromium,ChannelListSoup,query,500,population-hot,10000,10000,2288,1,30,39.700000286102295,16.799999952316284,52.40000009536743,23.299999952316284,2.3630952618323486,2.2489270473220873
chromium,ChannelListSoup,query,500,population-hydrate,10000,10000,2288,1,30,57.69999980926514,30.700000047683716,71.5,35.700000047683716,1.879478818229466,2.0028011177730813
chromium,ChannelUnreadPresence,query,100,population-hot,10000,10000,120,1,30,0.6999998092651367,0.5,3.1000003814697266,0.7999999523162842,1.3999996185302734,3.875000707805199
chromium,ChannelUnreadPresence,query,100,population-hydrate,10000,10000,120,1,30,2.0,1.7999999523162842,2.700000286102295,5.099999904632568,1.1111111405455043,0.5294118307041061
chromium,ChannelUnreadPresence,query,250,population-hot,10000,10000,294,1,30,1.3000001907348633,0.7999999523162842,5.600000381469727,1.6999998092651367,1.6250003352761468,3.2941182410428933
chromium,ChannelUnreadPresence,query,250,population-hydrate,10000,10000,294,1,30,3.4000000953674316,2.8999998569488525,4.900000095367432,3.8999998569488525,1.1724138838215803,1.2564103269483002
chromium,ChannelUnreadPresence,query,500,population-hot,10000,10000,586,1,30,2.200000286102295,1.6999998092651367,3.5,2.200000047683716,1.294117960550416,1.5909090564270658
chromium,ChannelUnreadPresence,query,500,population-hydrate,10000,10000,586,1,30,7.900000095367432,5.1000001430511475,10.900000095367432,6.799999952316284,1.5490195830938045,1.602941201735533
chromium,EmailThreadMessageFields,fragment,100,population-hot,10000,10000,503,1,30,16.59999990463257,11.700000047683716,22.5,15.199999809265137,1.4188034048699787,1.4802631764695917
chromium,EmailThreadMessageFields,fragment,100,population-hydrate,10000,10000,503,1,30,22.699999809265137,17.40000009536743,25.299999713897705,19.59999990463257,1.3045976830372992,1.2908163182142625
chromium,EmailThreadMessageFields,fragment,250,population-hot,10000,10000,1253,1,30,48.09999990463257,33.200000047683716,57.200000286102295,45.700000047683716,1.448795175769537,1.2516411428100525
chromium,EmailThreadMessageFields,fragment,250,population-hydrate,10000,10000,1253,1,30,60.80000019073486,41.200000047683716,67.0,50.90000009536743,1.4757281582613266,1.3163064808343268
chromium,EmailThreadMessageFields,fragment,500,population-hot,10000,10000,2503,1,30,95.5,67.39999985694885,104.90000009536743,72.20000004768372,1.4169139495948244,1.4529085876189385
chromium,EmailThreadMessageFields,fragment,500,population-hydrate,10000,10000,2503,1,30,125.2999997138977,84.70000004768372,139.2999997138977,97.20000004768372,1.4793388387645494,1.4331275683699676
chromium,EmailThreadPage,query,100,population-hot,10000,10000,603,1,30,19.0,12.899999856948853,21.5,15.900000095367432,1.4728682333872474,1.3522012497511975
chromium,EmailThreadPage,query,100,population-hydrate,10000,10000,603,1,30,29.59999990463257,17.700000047683716,37.799999713897705,20.0,1.6723163742875882,1.8899999856948853
chromium,EmailThreadPage,query,250,population-hot,10000,10000,1503,1,30,49.39999961853027,32.5,55.69999980926514,37.69999980926514,1.51999998826247,1.4774535833174283
chromium,EmailThreadPage,query,250,population-hydrate,10000,10000,1503,1,30,68.09999990463257,43.89999985694885,72.90000009536743,49.40000009536743,1.5512528502628946,1.4757085011059292
chromium,EmailThreadPage,query,500,population-hot,10000,10000,3003,1,30,98.40000009536743,67.09999990463257,125.90000009536743,89.90000009536743,1.4664679617767618,1.4004449383961135
chromium,EmailThreadPage,query,500,population-hydrate,10000,10000,3003,1,30,145.59999990463257,90.0,178.09999990463257,109.0,1.6177777767181396,1.6339449532535097
chromium,EntityActivity,query,100,population-hot,10000,10000,302,1,30,3.0,1.6999998092651367,4.199999809265137,3.5999999046325684,1.764706080347631,1.1666666445908718
chromium,EntityActivity,query,100,population-hydrate,10000,10000,302,1,30,5.599999904632568,3.8999998569488525,8.099999904632568,5.300000190734863,1.4358974641126534,1.5283018137985152
chromium,EntityActivity,query,250,population-hot,10000,10000,752,1,30,7.0,3.5999999046325684,9.0,5.099999904632568,1.9444444959546328,1.764705915352053
chromium,EntityActivity,query,250,population-hydrate,10000,10000,752,1,30,12.799999713897705,8.100000143051147,16.40000009536743,10.099999904632568,1.5802468503508122,1.623762401012028
chromium,EntityActivity,query,500,population-hot,10000,10000,1502,1,30,15.199999809265137,7.400000095367432,19.59999990463257,12.5,2.0540540018074704,1.5679999923706054
chromium,EntityActivity,query,500,population-hydrate,10000,10000,1502,1,30,27.100000381469727,16.0,31.5,20.700000047683716,1.693750023841858,1.5217391269293634
chromium,EntityProperties,query,100,population-hot,10000,10000,302,1,30,3.0999999046325684,2.0,3.5,7.0,1.5499999523162842,0.5
chromium,EntityProperties,query,100,population-hydrate,10000,10000,302,1,30,6.099999904632568,4.3999998569488525,7.299999713897705,5.5,1.3863636597621547,1.3272726752541282
chromium,EntityProperties,query,250,population-hot,10000,10000,752,1,30,9.300000190734863,4.0,12.099999904632568,5.200000047683716,2.325000047683716,2.3269230372454293
chromium,EntityProperties,query,250,population-hydrate,10000,10000,752,1,30,14.5,9.299999952316284,19.299999713897705,13.400000095367432,1.5591397929403847,1.4402984758612043
chromium,EntityProperties,query,500,population-hot,10000,10000,1502,1,30,16.5,8.199999809265137,22.399999618530273,12.599999904632568,2.0121951687555817,1.777777760958125
chromium,EntityProperties,query,500,population-hydrate,10000,10000,1502,1,30,28.59999990463257,18.100000143051147,34.0,20.40000009536743,1.5801104794804393,1.66666665887521
chromium,Favorites,query,100,population-hot,10000,10000,102,1,30,1.1999998092651367,0.6999998092651367,1.5,3.0,1.7142859089131788,0.5
chromium,Favorites,query,100,population-hydrate,10000,10000,102,1,30,2.1000003814697266,1.6000001430511475,3.4000000953674316,2.5999999046325684,1.3125001210719238,1.3076923923379602
chromium,Favorites,query,250,population-hot,10000,10000,252,1,30,2.6999998092651367,1.2000000476837158,3.4000000953674316,2.700000047683716,2.2499997516473234,1.2592592723412113
chromium,Favorites,query,250,population-hydrate,10000,10000,252,1,30,4.700000286102295,3.299999952316284,6.900000095367432,4.5,1.4242425315198397,1.5333333545260959
chromium,Favorites,query,500,population-hot,10000,10000,502,1,30,5.300000190734863,2.200000047683716,7.599999904632568,3.3999998569488525,2.4090909435729344,2.235294183645284
chromium,Favorites,query,500,population-hydrate,10000,10000,502,1,30,8.599999904632568,5.5,10.800000190734863,7.900000095367432,1.5636363462968306,1.3670886152353334
chromium,GraphqlChannelQuickAccessFields,fragment,100,population-hot,10000,10000,102,1,30,1.8000001907348633,1.0,2.5,1.2999999523162842,1.8000001907348633,1.9230769936149668
chromium,GraphqlChannelQuickAccessFields,fragment,100,population-hydrate,10000,10000,102,1,30,2.5,2.4000000953674316,3.9000000953674316,4.099999904632568,1.041666625274554,0.9512195575811702
chromium,GraphqlChannelQuickAccessFields,fragment,250,population-hot,10000,10000,252,1,30,4.100000381469727,2.4000000953674316,5.299999713897705,3.799999952316284,1.7083334243959813,1.3947367843168257
chromium,GraphqlChannelQuickAccessFields,fragment,250,population-hydrate,10000,10000,252,1,30,5.899999618530273,5.0,7.199999809265137,6.5,1.1799999237060548,1.1076922783484826
chromium,GraphqlChannelQuickAccessFields,fragment,500,population-hot,10000,10000,502,1,30,8.199999809265137,5.0,11.199999809265137,7.5,1.6399999618530274,1.4933333079020181
chromium,GraphqlChannelQuickAccessFields,fragment,500,population-hydrate,10000,10000,502,1,30,12.0,9.0,17.5,12.200000047683716,1.3333333333333333,1.43442622390174
chromium,GraphqlChatQuickAccessName,fragment,100,population-hot,10000,10000,102,1,30,1.0,0.7000000476837158,1.5,2.799999952316284,1.4285713312577295,0.5357142948374458
chromium,GraphqlChatQuickAccessName,fragment,100,population-hydrate,10000,10000,102,1,30,1.5999999046325684,1.6000001430511475,2.3000001907348633,2.299999952316284,0.9999998509884014,1.000000103660254
chromium,GraphqlChatQuickAccessName,fragment,250,population-hot,10000,10000,252,1,30,1.9000000953674316,1.7000000476837158,4.199999809265137,2.799999952316284,1.1176470835728622,1.499999957425253
chromium,GraphqlChatQuickAccessName,fragment,250,population-hydrate,10000,10000,252,1,30,3.799999713897705,4.099999904632568,5.200000286102295,6.6000001430511475,0.9268292200700067,0.7878788141508071
chromium,GraphqlChatQuickAccessName,fragment,500,population-hot,10000,10000,502,1,30,3.700000286102295,2.5,5.5,2.700000047683716,1.480000114440918,2.037037001061669
chromium,GraphqlChatQuickAccessName,fragment,500,population-hydrate,10000,10000,502,1,30,6.5,6.1000001430511475,7.400000095367432,6.599999904632568,1.065573745503025,1.1212121518628113
chromium,GraphqlCrmCompanyQuickAccessFields,fragment,100,population-hot,10000,10000,102,1,30,1.299999713897705,0.9000000953674316,1.6999998092651367,1.7000000476837158,1.4444439734942147,0.9999998597537809
chromium,GraphqlCrmCompanyQuickAccessFields,fragment,100,population-hydrate,10000,10000,102,1,30,1.8000001907348633,1.6999998092651367,2.1000003814697266,2.299999952316284,1.0588237604055697,0.9130436630465396
chromium,GraphqlCrmCompanyQuickAccessFields,fragment,250,population-hot,10000,10000,252,1,30,2.9000000953674316,2.0,3.299999713897705,4.1000001430511475,1.4500000476837158,0.804877950916827
chromium,GraphqlCrmCompanyQuickAccessFields,fragment,250,population-hydrate,10000,10000,252,1,30,4.299999713897705,3.8999998569488525,5.099999904632568,5.700000047683716,1.1025640696463488,0.8947368178891565
chromium,GraphqlCrmCompanyQuickAccessFields,fragment,500,population-hot,10000,10000,502,1,30,6.5,3.9000000953674316,7.300000190734863,4.8999998569488525,1.666666625911355,1.4897960007861002
chromium,GraphqlCrmCompanyQuickAccessFields,fragment,500,population-hydrate,10000,10000,502,1,30,8.099999904632568,7.200000047683716,9.699999809265137,9.0,1.124999979303943,1.0777777565850153
chromium,GraphqlDocumentQuickAccessName,fragment,100,population-hot,10000,10000,102,1,30,1.0999999046325684,0.9000000953674316,1.5999999046325684,2.700000047683716,1.2222219867471074,0.5925925468057607
chromium,GraphqlDocumentQuickAccessName,fragment,100,population-hydrate,10000,10000,102,1,30,1.8000001907348633,1.9000000953674316,3.0,2.700000047683716,0.9473684738877711,1.1111110914881832
chromium,GraphqlDocumentQuickAccessName,fragment,250,population-hot,10000,10000,252,1,30,2.5,2.0,2.9000000953674316,3.200000047683716,1.25,0.9062500162981448
chromium,GraphqlDocumentQuickAccessName,fragment,250,population-hydrate,10000,10000,252,1,30,4.0,4.0,5.300000190734863,5.0,1.0,1.0600000381469727
chromium,GraphqlDocumentQuickAccessName,fragment,500,population-hot,10000,10000,502,1,30,4.900000095367432,3.3999998569488525,6.099999904632568,5.300000190734863,1.4411765592733505,1.150943336812745
chromium,GraphqlDocumentQuickAccessName,fragment,500,population-hydrate,10000,10000,502,1,30,8.900000095367432,7.0,10.600000381469727,8.200000047683716,1.2714285850524902,1.2926829658329024
chromium,GraphqlProjectQuickAccessName,fragment,100,population-hot,10000,10000,102,1,30,0.9000000953674316,0.7000000476837158,1.1000003814697266,1.0999999046325684,1.2857143343711352,1.0000004334883632
chromium,GraphqlProjectQuickAccessName,fragment,100,population-hydrate,10000,10000,102,1,30,1.5,2.0,2.3999996185302734,3.799999952316284,0.75,0.6315788549069211
chromium,GraphqlProjectQuickAccessName,fragment,250,population-hot,10000,10000,252,1,30,1.9000000953674316,1.5,3.0,2.5999999046325684,1.2666667302449544,1.15384619616898
chromium,GraphqlProjectQuickAccessName,fragment,250,population-hydrate,10000,10000,252,1,30,3.3000001907348633,4.0,4.600000381469727,5.400000095367432,0.8250000476837158,0.8518519074501478
chromium,GraphqlProjectQuickAccessName,fragment,500,population-hot,10000,10000,502,1,30,3.8000001907348633,3.1000001430511475,5.5,3.700000047683716,1.2258064565747882,1.4864864673294058
chromium,GraphqlProjectQuickAccessName,fragment,500,population-hydrate,10000,10000,502,1,30,6.399999618530273,6.299999952316284,7.799999713897705,8.200000047683716,1.0158729630112493,0.9512194717731739
chromium,GroupSoup,query,100,population-hot,10000,10000,1085,1,30,27.09999990463257,12.200000047683716,32.40000009536743,16.399999856948853,2.2213114589108347,1.9756097791451632
chromium,GroupSoup,query,100,population-hydrate,10000,10000,1085,1,30,37.69999980926514,19.700000047683716,41.80000019073486,24.399999856948853,1.9137055694422611,1.7131147719589301
chromium,GroupSoup,query,250,population-hot,10000,10000,2712,1,30,78.19999980926514,32.700000047683716,87.2000002861023,46.0,2.3914372995483952,1.8956521801326587
chromium,GroupSoup,query,250,population-hydrate,10000,10000,2712,1,30,99.90000009536743,51.89999985694885,119.60000038146973,65.70000004768372,1.9248554984724513,1.8203957426889876
chromium,GroupSoup,query,500,population-hot,10000,10000,5426,1,30,153.30000019073486,68.09999990463257,179.09999990463257,74.40000009536743,2.2511013275391574,2.4072580601486364
chromium,GroupSoup,query,500,population-hydrate,10000,10000,5426,1,30,202.09999990463257,109.70000004768372,224.09999990463257,129.60000014305115,1.8422971724410664,1.7291666640221706
chromium,GroupSoupMembership,query,100,population-hot,10000,10000,202,1,30,1.299999713897705,0.7000000476837158,1.9000000953674316,1.0999999046325684,1.857142321917512,1.7272729637209254
chromium,GroupSoupMembership,query,100,population-hydrate,10000,10000,202,1,30,2.9000000953674316,2.299999952316284,4.5,3.0,1.2608696328219047,1.5
chromium,GroupSoupMembership,query,250,population-hot,10000,10000,502,1,30,2.8000001907348633,2.0999999046325684,3.299999713897705,3.700000047683716,1.3333334847102158,0.8918918030727
chromium,GroupSoupMembership,query,250,population-hydrate,10000,10000,502,1,30,6.400000095367432,5.400000095367432,9.099999904632568,7.700000047683716,1.1851851819146972,1.1818181621141672
chromium,GroupSoupMembership,query,500,population-hot,10000,10000,1002,1,30,5.400000095367432,3.5,6.200000286102295,4.800000190734863,1.5428571701049805,1.2916666749450891
chromium,GroupSoupMembership,query,500,population-hydrate,10000,10000,1002,1,30,12.900000095367432,8.700000047683716,14.900000095367432,10.599999904632568,1.4827586235245966,1.4056603990020429
chromium,ItemPreview,query,100,population-hot,10000,10000,102,1,30,0.9000000953674316,0.5,3.200000286102295,0.7000000476837158,1.8000001907348633,4.5714286687422705
chromium,ItemPreview,query,100,population-hydrate,10000,10000,102,1,30,1.8000001907348633,1.7999999523162842,2.9000000953674316,2.5,1.0000001324547696,1.1600000381469726
chromium,ItemPreview,query,250,population-hot,10000,10000,252,1,30,1.6999998092651367,1.1000001430511475,2.200000286102295,3.0999999046325684,1.545454171078313,0.7096775334781995
chromium,ItemPreview,query,250,population-hydrate,10000,10000,252,1,30,3.5,3.5999999046325684,5.199999809265137,4.400000095367432,0.9722222479773164,1.1818181128541314
chromium,ItemPreview,query,500,population-hot,10000,10000,502,1,30,3.8999996185302734,2.1000001430511475,4.900000095367432,6.400000095367432,1.85714254898281,0.7656250034924597
chromium,ItemPreview,query,500,population-hydrate,10000,10000,502,1,30,9.0,6.199999809265137,12.900000095367432,8.0,1.4516129478827737,1.612500011920929
chromium,ItemPreviewFields,fragment,100,population-hot,10000,10000,102,1,30,1.0999999046325684,0.7999999523162842,1.700000286102295,2.299999952316284,1.3749999627470948,0.7391305744986031
chromium,ItemPreviewFields,fragment,100,population-hydrate,10000,10000,102,1,30,1.8000001907348633,1.7999999523162842,2.200000286102295,2.6000001430511475,1.0000001324547696,0.8461539096380797
chromium,ItemPreviewFields,fragment,250,population-hot,10000,10000,252,1,30,2.5999999046325684,1.6999998092651367,4.099999904632568,3.5,1.5294118802027847,1.1714285441807337
chromium,ItemPreviewFields,fragment,250,population-hydrate,10000,10000,252,1,30,4.700000286102295,5.199999809265137,7.299999713897705,7.200000047683716,0.9038462420187086,1.0138888424377386
chromium,ItemPreviewFields,fragment,500,population-hot,10000,10000,502,1,30,4.5,3.5,5.400000095367432,7.0,1.2857142857142858,0.7714285850524902
chromium,ItemPreviewFields,fragment,500,population-hydrate,10000,10000,502,1,30,7.099999904632568,6.3999998569488525,8.400000095367432,7.6000001430511475,1.1093750098953026,1.105263149639246
chromium,ItemPreviewFileTypeCacheWrite,query,100,population-hot,10000,10000,102,1,30,0.5,0.39999985694885254,3.0999999046325684,0.7999999523162842,1.2500004470349957,3.8750001117587156
chromium,ItemPreviewFileTypeCacheWrite,query,100,population-hydrate,10000,10000,102,1,30,1.5,1.7999999523162842,4.199999809265137,4.5,0.8333333554091282,0.9333332909478081
chromium,ItemPreviewFileTypeCacheWrite,query,250,population-hot,10000,10000,252,1,30,1.0,0.7000000476837158,3.5999999046325684,1.7999999523162842,1.4285713312577295,2.0
chromium,ItemPreviewFileTypeCacheWrite,query,250,population-hydrate,10000,10000,252,1,30,2.8000001907348633,2.6000001430511475,4.099999904632568,4.0,1.0769230910306844,1.024999976158142
chromium,ItemPreviewFileTypeCacheWrite,query,500,population-hot,10000,10000,502,1,30,2.3000001907348633,1.3000001907348633,4.599999904632568,4.5,1.76923065636992,1.0222222010294597
chromium,ItemPreviewFileTypeCacheWrite,query,500,population-hydrate,10000,10000,502,1,30,5.599999904632568,4.700000047683716,6.699999809265137,6.5,1.1914893293229638,1.0307692014254057
chromium,ItemPreviewNameCacheWrite,query,100,population-hot,10000,10000,102,1,30,0.8000001907348633,0.40000009536743164,4.599999904632568,2.5,2.0,1.8399999618530274
chromium,ItemPreviewNameCacheWrite,query,100,population-hydrate,10000,10000,102,1,30,1.8000001907348633,1.7000000476837158,2.5,2.700000047683716,1.0588236119095407,0.925925909573486
chromium,ItemPreviewNameCacheWrite,query,250,population-hot,10000,10000,252,1,30,1.5,0.8999998569488525,2.200000286102295,1.2999999523162842,1.666666931576241,1.6923079744598672
chromium,ItemPreviewNameCacheWrite,query,250,population-hydrate,10000,10000,252,1,30,3.0,2.700000047683716,4.900000095367432,3.700000047683716,1.1111110914881832,1.3243243330320882
chromium,ItemPreviewNameCacheWrite,query,500,population-hot,10000,10000,502,1,30,2.9000000953674316,1.3999998569488525,3.6999998092651367,2.3000001907348633,2.071428851205504,1.6086954358394925
chromium,ItemPreviewNameCacheWrite,query,500,population-hydrate,10000,10000,502,1,30,6.5,5.0,8.699999809265137,6.400000095367432,1.3,1.3593749499414123
chromium,ItemPreviews,query,100,population-hot,10000,10000,118,1,30,1.0999999046325684,0.7000000476837158,1.5,1.4000000953674316,1.5714283281443235,1.0714284984432971
chromium,ItemPreviews,query,100,population-hydrate,10000,10000,118,1,30,3.0,2.200000047683716,4.0,2.9000000953674316,1.3636363340803421,1.3793102994685238
chromium,ItemPreviews,query,250,population-hot,10000,10000,294,1,30,2.5,1.4000000953674316,5.0,3.4000000953674316,1.7857141640721619,1.4705881940452297
chromium,ItemPreviews,query,250,population-hydrate,10000,10000,294,1,30,5.799999713897705,4.199999809265137,7.0,5.599999904632568,1.3809523755460638,1.2500000212873734
chromium,ItemPreviews,query,500,population-hot,10000,10000,586,1,30,4.5,2.4000000953674316,5.300000190734863,8.699999809265137,1.874999925494197,0.6091954375781232
chromium,ItemPreviews,query,500,population-hydrate,10000,10000,586,1,30,10.200000286102295,6.5,12.599999904632568,9.800000190734863,1.569230813246507,1.2857142509593915
chromium,MailAccounts,query,100,population-hot,10000,10000,102,1,30,0.6999998092651367,0.39999985694885254,3.0999999046325684,0.7000000476837158,1.7500001490116652,4.428570990659782
chromium,MailAccounts,query,100,population-hydrate,10000,10000,102,1,30,1.5,1.3999998569488525,3.799999713897705,2.0,1.0714286809065017,1.8999998569488525
chromium,MailAccounts,query,250,population-hot,10000,10000,252,1,30,1.3000001907348633,0.9000000953674316,2.3000001907348633,4.599999904632568,1.4444445033132232,0.500000051830127
chromium,MailAccounts,query,250,population-hydrate,10000,10000,252,1,30,3.0999999046325684,2.5,4.199999809265137,2.9000000953674316,1.2399999618530273,1.4482757486713098
chromium,MailAccounts,query,500,population-hot,10000,10000,502,1,30,2.3000001907348633,1.4000000953674316,3.200000286102295,2.5,1.6428571671855676,1.2800001144409179
chromium,MailAccounts,query,500,population-hydrate,10000,10000,502,1,30,5.599999904632568,4.299999952316284,7.0,5.5,1.3023255736586723,1.2727272727272727
chromium,MailItemFields,fragment,100,population-hot,10000,10000,538,1,30,14.0,6.400000095367432,17.0,10.0,2.1874999674037103,1.7
chromium,MailItemFields,fragment,100,population-hydrate,10000,10000,538,1,30,21.5,10.799999952316284,24.300000190734863,14.5,1.9907407495301774,1.6758620821196457
chromium,MailItemFields,fragment,250,population-hot,10000,10000,1355,1,30,32.69999980926514,18.0,39.59999990463257,22.799999952316284,1.8166666560702853,1.7368421047127918
chromium,MailItemFields,fragment,250,population-hydrate,10000,10000,1355,1,30,44.59999990463257,24.700000047683716,50.200000286102295,29.200000047683716,1.8056680088474335,1.71917808918238
chromium,MailItemFields,fragment,500,population-hot,10000,10000,2712,1,30,73.2000002861023,32.69999980926514,87.59999990463257,36.299999952316284,2.2385321318981166,2.413223141038678
chromium,MailItemFields,fragment,500,population-hydrate,10000,10000,2712,1,30,90.7000002861023,51.299999952316284,103.69999980926514,58.19999980926514,1.768031196304261,1.7817869441428527
chromium,MyActivity,query,100,population-hot,10000,10000,102,1,30,1.4000000953674316,0.7000000476837158,1.700000286102295,1.5999999046325684,2.0,1.0625002421438838
chromium,MyActivity,query,100,population-hydrate,10000,10000,102,1,30,2.6999998092651367,1.9000000953674316,4.400000095367432,3.4000000953674316,1.4210524598647438,1.2941176388090458
chromium,MyActivity,query,250,population-hot,10000,10000,252,1,30,2.9000000953674316,1.5,3.9000000953674316,3.5,1.933333396911621,1.1142857415335519
chromium,MyActivity,query,250,population-hydrate,10000,10000,252,1,30,5.599999904632568,3.3000001907348633,8.599999904632568,4.299999952316284,1.6969695699882756,2.0
chromium,MyActivity,query,500,population-hot,10000,10000,502,1,30,5.900000095367432,2.700000047683716,6.899999618530273,6.199999809265137,2.1851851819146972,1.1129031985160827
chromium,MyActivity,query,500,population-hydrate,10000,10000,502,1,30,9.5,6.700000047683716,13.300000190734863,8.700000047683716,1.4179104376699645,1.5287356457286285
chromium,MyActivityOverview,query,100,population-hot,10000,10000,2,1,30,0.7999997138977051,0.5999999046325684,1.0,1.7999999523162842,1.333333068423759,0.5555555702727522
chromium,MyActivityOverview,query,100,population-hydrate,10000,10000,2,1,30,1.1000003814697266,1.0,3.799999713897705,1.5,1.1000003814697266,2.53333314259847
chromium,MyActivityOverview,query,250,population-hot,10000,10000,2,1,30,1.5999999046325684,0.9000000953674316,1.799999713897705,2.0999999046325684,1.7777774834338842,0.857142759829147
chromium,MyActivityOverview,query,250,population-hydrate,10000,10000,2,1,30,2.1000003814697266,1.4000000953674316,3.3999996185302734,2.0,1.5000001702989734,1.6999998092651367
chromium,MyActivityOverview,query,500,population-hot,10000,10000,2,1,30,3.1000003814697266,1.9000000953674316,4.099999904632568,4.099999904632568,1.631579066247485,1.0
chromium,MyActivityOverview,query,500,population-hydrate,10000,10000,2,1,30,3.799999713897705,2.4000000953674316,6.299999713897705,3.200000047683716,1.583333151208037,1.9687498812563735
chromium,Soup,query,100,population-hot,10000,10000,641,1,30,14.0,5.799999952316284,18.600000381469727,9.699999809265137,2.413793123292866,1.917525850227707
chromium,Soup,query,100,population-hydrate,10000,10000,641,1,30,19.200000286102295,11.700000047683716,25.5,13.699999809265137,1.6410256587907772,1.8613138945268213
chromium,Soup,query,250,population-hot,10000,10000,1606,1,30,37.09999990463257,16.600000143051147,45.0,20.59999990463257,2.234939734031438,2.184466029530433
chromium,Soup,query,250,population-hydrate,10000,10000,1606,1,30,48.700000286102295,27.90000009536743,60.10000038146973,33.80000019073486,1.7455197175496975,1.7781065101278941
chromium,Soup,query,500,population-hot,10000,10000,3204,1,30,71.5,34.5,79.69999980926514,43.799999952316284,2.072463768115942,1.8196347008226503
chromium,Soup,query,500,population-hydrate,10000,10000,3204,1,30,103.7999997138977,54.5,111.5,61.200000047683716,1.9045871507137193,1.8218954234170794
chromium,SoupBackfill,query,100,population-hot,10000,10000,721,1,30,16.09999990463257,8.799999952316284,20.40000009536743,11.200000047683716,1.8295454536218287,1.8214285721888348
chromium,SoupBackfill,query,100,population-hydrate,10000,10000,721,1,30,27.40000009536743,13.799999952316284,32.19999980926514,16.59999990463257,1.9855072601481012,1.9397590357984924
chromium,SoupBackfill,query,250,population-hot,10000,10000,1816,1,30,52.19999980926514,22.300000190734863,64.09999990463257,29.40000009536743,2.3408071463135247,2.180272098527402
chromium,SoupBackfill,query,250,population-hydrate,10000,10000,1816,1,30,78.2999997138977,34.0,93.0,40.60000014305115,2.3029411680558147,2.290640386017765
chromium,SoupBackfill,query,500,population-hot,10000,10000,3614,1,30,90.7000002861023,44.5,99.40000009536743,52.799999952316284,2.0382022536202764,1.8825757610821143
chromium,SoupBackfill,query,500,population-hydrate,10000,10000,3614,1,30,161.0,68.5,229.7000002861023,80.90000009536743,2.3503649635036497,2.8393077875812707
chromium,SoupItemFields,fragment,100,population-hot,10000,10000,538,1,30,17.40000009536743,6.200000047683716,27.90000009536743,8.200000047683716,2.8064516067008696,3.4024390162349385
chromium,SoupItemFields,fragment,100,population-hydrate,10000,10000,538,1,30,18.90000009536743,11.199999809265137,25.299999713897705,14.399999856948853,1.6875000372529037,1.7569444420299045
chromium,SoupItemFields,fragment,250,population-hot,10000,10000,1355,1,30,32.59999990463257,15.199999809265137,41.39999961853027,19.5,2.144736862743991,2.123076903514373
chromium,SoupItemFields,fragment,250,population-hydrate,10000,10000,1355,1,30,43.700000286102295,25.90000009536743,57.799999713897705,31.5,1.6872586920923849,1.8349206258380224
chromium,SoupItemFields,fragment,500,population-hot,10000,10000,2712,1,30,70.2999997138977,33.59999990463257,78.60000038146973,43.60000014305115,2.0922619021854567,1.8027522964124758
chromium,SoupItemFields,fragment,500,population-hydrate,10000,10000,2712,1,30,91.69999980926514,49.10000014305115,103.0,55.299999952316284,1.8676170986171154,1.8625678135409431
chromium,SoupMailBackfill,query,100,population-hot,10000,10000,641,1,30,12.099999904632568,6.5,14.599999904632568,10.400000095367432,1.861538446866549,1.4038461318030162
chromium,SoupMailBackfill,query,100,population-hydrate,10000,10000,641,1,30,19.799999713897705,11.299999952316284,26.59999990463257,16.40000009536743,1.7522123714557258,1.62195120426532
chromium,SoupMailBackfill,query,250,population-hot,10000,10000,1606,1,30,38.89999961853027,16.299999952316284,93.5,22.600000143051147,2.3865030510630434,4.137168115405901
chromium,SoupMailBackfill,query,250,population-hydrate,10000,10000,1606,1,30,49.40000009536743,26.09999990463257,59.90000009536743,29.799999952316284,1.8927203170831919,2.010067120510567
chromium,SoupMailBackfill,query,500,population-hot,10000,10000,3204,1,30,83.19999980926514,31.90000009536743,98.2999997138977,42.299999952316284,2.608150456443026,2.3238770644139195
chromium,SoupMailBackfill,query,500,population-hydrate,10000,10000,3204,1,30,113.19999980926514,56.90000009536743,141.59999990463257,69.5,1.9894551778477312,2.0374100705702527
chromium,SoupMembership,query,100,population-hot,10000,10000,102,1,30,0.5,0.5,3.3000001907348633,2.299999952316284,1.0,1.4347827213698412
chromium,SoupMembership,query,100,population-hydrate,10000,10000,102,1,30,1.5,1.7000000476837158,2.4000000953674316,2.4000000953674316,0.8823529164271378,1.0
chromium,SoupMembership,query,250,population-hot,10000,10000,252,1,30,1.0999999046325684,0.5999999046325684,3.8000001907348633,0.9000000953674316,1.8333334657881206,4.222221986747107
chromium,SoupMembership,query,250,population-hydrate,10000,10000,252,1,30,2.6999998092651367,3.0,3.8000001907348633,4.0,0.8999999364217123,0.9500000476837158
chromium,SoupMembership,query,500,population-hot,10000,10000,502,1,30,1.8000001907348633,1.2999999523162842,2.200000286102295,4.400000095367432,1.384615582121907,0.5000000541860395
chromium,SoupMembership,query,500,population-hydrate,10000,10000,502,1,30,5.099999904632568,4.5,6.0,6.300000190734863,1.1333333121405706,0.9523809235472627
chromium,SoupNotifications,query,100,population-hot,10000,10000,302,1,30,6.299999713897705,2.5,9.699999809265137,4.900000095367432,2.519999885559082,1.9795917592809296
chromium,SoupNotifications,query,100,population-hydrate,10000,10000,302,1,30,9.199999809265137,5.700000047683716,12.699999809265137,8.099999904632568,1.6140350407547277,1.5679012294804753
chromium,SoupNotifications,query,250,population-hot,10000,10000,752,1,30,14.0,6.799999952316284,17.40000009536743,10.299999952316284,2.058823543848876,1.6893204054291753
chromium,SoupNotifications,query,250,population-hydrate,10000,10000,752,1,30,22.0,13.5,24.59999990463257,16.40000009536743,1.6296296296296295,1.4999999854622819
chromium,SoupNotifications,query,500,population-hot,10000,10000,1502,1,30,37.200000286102295,13.799999952316284,41.59999990463257,18.200000047683716,2.6956522039594932,2.2857142744857812
chromium,SoupNotifications,query,500,population-hydrate,10000,10000,1502,1,30,46.69999980926514,23.09999990463257,53.09999990463257,29.200000047683716,2.021645021734382,1.818493144449317
chromium,SoupSharedMailBackfill,query,100,population-hot,10000,10000,641,1,30,12.300000190734863,6.0,14.099999904632568,6.700000047683716,2.050000031789144,2.1044775827288444
chromium,SoupSharedMailBackfill,query,100,population-hydrate,10000,10000,641,1,30,20.299999713897705,11.0,24.5,13.300000190734863,1.8454545194452459,1.8421052367403241
chromium,SoupSharedMailBackfill,query,250,population-hot,10000,10000,1606,1,30,33.799999713897705,16.0,39.0,18.59999990463257,2.1124999821186066,2.0967742042991384
chromium,SoupSharedMailBackfill,query,250,population-hydrate,10000,10000,1606,1,30,51.59999990463257,26.700000047683716,59.09999990463257,33.299999952316284,1.9325842626396919,1.774774774452265
chromium,SoupSharedMailBackfill,query,500,population-hot,10000,10000,3204,1,30,79.60000038146973,33.299999952316284,90.0,36.59999990463257,2.3903904052688416,2.459016399850002
chromium,SoupSharedMailBackfill,query,500,population-hydrate,10000,10000,3204,1,30,109.2000002861023,55.30000019073486,129.30000019073486,64.29999995231628,1.9746835426665696,2.0108864741309707
firefox,AgentSessionMentions,query,100,population-hot,10000,10000,111,1,30,2.100000000002183,1.7000000000007276,3.0599999999976717,3.7000000000007276,1.235294117647814,0.8270270270262351
firefox,AgentSessionMentions,query,100,population-hydrate,10000,10000,111,1,30,7.779999999998836,7.400000000001455,9.319999999999709,10.12000000000262,1.0513513513509873,0.9209486166005234
firefox,AgentSessionMentions,query,250,population-hot,10000,10000,273,1,30,4.020000000000437,3.2999999999992724,5.5,4.360000000000582,1.218181818182219,1.2614678899080884
firefox,AgentSessionMentions,query,250,population-hydrate,10000,10000,273,1,30,15.520000000000437,14.080000000001746,24.43999999999869,16.360000000000582,1.1022727272726216,1.493887530562214
firefox,AgentSessionMentions,query,500,population-hot,10000,10000,544,1,30,8.139999999999418,5.599999999998545,10.880000000001019,7.400000000001455,1.4535714285717023,1.4702702702701187
firefox,AgentSessionMentions,query,500,population-hydrate,10000,10000,544,1,30,30.279999999998836,22.659999999999854,34.44000000000233,28.400000000001455,1.3362753751102838,1.212676056338048
firefox,ChannelListItemFields,fragment,100,population-hot,10000,10000,356,1,30,23.979999999981374,15.42000000004191,35.32000000006519,25.739999999990687,1.5551232165963813,1.3721833721864014
firefox,ChannelListItemFields,fragment,100,population-hydrate,10000,10000,356,1,30,38.61999999999534,26.880000000004657,45.18000000005122,31.040000000037253,1.4367559523805302,1.4555412371133054
firefox,ChannelListItemFields,fragment,250,population-hot,10000,10000,897,1,30,53.699999999953434,29.65999999991618,61.67999999993481,37.71999999997206,1.8105192178052998,1.63520678684996
firefox,ChannelListItemFields,fragment,250,population-hydrate,10000,10000,897,1,30,88.5,61.54000000003725,101.26000000000931,72.63999999989755,1.4380890477729351,1.3939977973589224
firefox,ChannelListItemFields,fragment,500,population-hot,10000,10000,1796,1,30,104.64000000013039,60.44000000040978,110.28000000026077,70.74000000022352,1.7313037723266202,1.5589482612370982
firefox,ChannelListItemFields,fragment,500,population-hydrate,10000,10000,1796,1,30,174.5,120.0800000000745,208.14000000013039,131.45999999996275,1.4531978680870397,1.5832952989516915
firefox,ChannelListSoup,query,100,population-hot,10000,10000,459,1,30,20.540000000000873,13.860000000000582,30.160000000003492,21.659999999996217,1.4819624819624828,1.3924284395202566
firefox,ChannelListSoup,query,100,population-hydrate,10000,10000,459,1,30,44.179999999993015,31.62000000000262,51.33999999999651,37.0,1.397216951296311,1.3875675675674732
firefox,ChannelListSoup,query,250,population-hot,10000,10000,1148,1,30,52.900000000001455,29.520000000004075,62.580000000001746,35.81999999999971,1.7920054200540025,1.747068676716981
firefox,ChannelListSoup,query,250,population-hydrate,10000,10000,1148,1,30,110.11999999999534,66.83999999999651,122.47999999999593,72.6200000000099,1.6475164572112673,1.6865877168821157
firefox,ChannelListSoup,query,500,population-hot,10000,10000,2288,1,30,109.59999999999854,58.45999999999913,131.44000000000233,67.15999999999622,1.8747861785836502,1.9571173317452313
firefox,ChannelListSoup,query,500,population-hydrate,10000,10000,2288,1,30,216.2600000000093,130.91999999999825,256.0599999999977,145.72000000000116,1.651848457073115,1.7572055997803708
firefox,ChannelUnreadPresence,query,100,population-hot,10000,10000,120,1,30,1.9199999999982538,1.6200000000098953,3.319999999992433,2.0200000000040745,1.185185185176868,1.6435643564285822
firefox,ChannelUnreadPresence,query,100,population-hydrate,10000,10000,120,1,30,7.779999999998836,7.459999999991851,8.39999999999418,8.419999999998254,1.0428954423602326,0.9976247030874016
firefox,ChannelUnreadPresence,query,250,population-hot,10000,10000,294,1,30,4.260000000009313,3.2999999999883585,6.360000000015134,4.519999999989523,1.290909090916467,1.407079646024309
firefox,ChannelUnreadPresence,query,250,population-hydrate,10000,10000,294,1,30,15.89999999999418,13.860000000015134,18.0,17.779999999998836,1.1471861471844746,1.0123734533184015
firefox,ChannelUnreadPresence,query,500,population-hot,10000,10000,586,1,30,7.900000000023283,5.14000000001397,9.900000000023283,5.839999999967404,1.5369649805450996,1.6952054794655036
firefox,ChannelUnreadPresence,query,500,population-hydrate,10000,10000,586,1,30,30.540000000037253,23.540000000037253,35.820000000006985,30.48000000003958,1.297366185216182,1.1751968503924037
firefox,EmailThreadMessageFields,fragment,100,population-hot,10000,10000,503,1,30,74.23999999999069,39.64000000001397,95.09999999997672,49.0,1.8728557013109113,1.940816326530137
firefox,EmailThreadMessageFields,fragment,100,population-hydrate,10000,10000,503,1,30,105.5,67.73999999999069,109.64000000001397,90.35999999998603,1.5574254502511737,1.2133687472336312
firefox,EmailThreadMessageFields,fragment,250,population-hot,10000,10000,1253,1,30,196.34000000008382,103.9000000001397,223.65999999991618,114.5,1.8897016361869088,1.9533624454141152
firefox,EmailThreadMessageFields,fragment,250,population-hydrate,10000,10000,1253,1,30,275.9199999999255,168.10000000009313,290.7200000002049,180.2399999999907,1.6414039262330318,1.612960497116178
firefox,EmailThreadMessageFields,fragment,500,population-hot,10000,10000,2503,1,30,393.18000000016764,230.06000000005588,435.8599999998696,256.70000000018626,1.7090324263238814,1.697935333071887
firefox,EmailThreadMessageFields,fragment,500,population-hydrate,10000,10000,2503,1,30,554.6000000000931,353.15999999968335,600.7600000002421,376.320000000298,1.5703930229940832,1.5964073129245493
firefox,EmailThreadPage,query,100,population-hot,10000,10000,603,1,30,76.13999999998487,40.69999999999709,85.14000000001397,48.36000000000058,1.8707616707614327,1.7605459057074637
firefox,EmailThreadPage,query,100,population-hydrate,10000,10000,603,1,30,122.80000000001746,72.36000000000058,137.37999999997555,85.0,1.6970702045331187,1.6162352941173594
firefox,EmailThreadPage,query,250,population-hot,10000,10000,1503,1,30,208.2599999999802,114.14000000001397,231.61999999999534,131.2600000000093,1.8246013667422,1.7645893646196777
firefox,EmailThreadPage,query,250,population-hydrate,10000,10000,1503,1,30,322.0,195.63999999998487,409.70000000001164,223.48000000001048,1.6458801881007203,1.8332736710219815
firefox,EmailThreadPage,query,500,population-hot,10000,10000,3003,1,30,419.0999999999767,237.38000000000466,470.27999999996973,283.3399999999674,1.7655236329933799,1.6597727112304081
firefox,EmailThreadPage,query,500,population-hydrate,10000,10000,3003,1,30,645.4799999999814,365.71999999997206,701.5,428.5,1.7649567975501221,1.6371061843640606
firefox,EntityActivity,query,100,population-hot,10000,10000,302,1,30,10.0,6.100000000005821,12.080000000016298,8.179999999993015,1.6393442622935177,1.4767726161401729
firefox,EntityActivity,query,100,population-hydrate,10000,10000,302,1,30,22.70000000001164,17.39999999999418,35.179999999993015,21.89999999999418,1.3045977011505308,1.606392694064035
firefox,EntityActivity,query,250,population-hot,10000,10000,752,1,30,24.480000000010477,15.940000000002328,32.23999999999069,20.179999999993015,1.535759096612729,1.5976214073340855
firefox,EntityActivity,query,250,population-hydrate,10000,10000,752,1,30,54.0800000000163,41.26000000000931,64.54000000000815,47.19999999998254,1.3107125545323337,1.3673728813566108
firefox,EntityActivity,query,500,population-hot,10000,10000,1502,1,30,50.94000000000233,28.34000000002561,59.95999999996275,32.679999999993015,1.7974594213110902,1.834761321908677
firefox,EntityActivity,query,500,population-hydrate,10000,10000,1502,1,30,106.85999999998603,78.07999999995809,143.7600000000093,93.17999999999302,1.3685963114759656,1.5428203477143174
firefox,EntityProperties,query,100,population-hot,10000,10000,302,1,30,10.880000000004657,6.7999999999883585,14.519999999989523,9.519999999989523,1.600000000003424,1.5252100840341916
firefox,EntityProperties,query,100,population-hydrate,10000,10000,302,1,30,23.34000000002561,19.699999999982538,30.779999999998836,23.019999999989523,1.1847715736064113,1.3370981755001237
firefox,EntityProperties,query,250,population-hot,10000,10000,752,1,30,30.460000000020955,17.619999999995343,39.16000000000349,22.95999999999185,1.728717366630477,1.7055749128927435
firefox,EntityProperties,query,250,population-hydrate,10000,10000,752,1,30,54.47999999998137,41.160000000032596,63.70000000001164,51.339999999967404,1.3236151603483535,1.2407479548120781
firefox,EntityProperties,query,500,population-hot,10000,10000,1502,1,30,54.97999999998137,29.119999999995343,60.95999999996275,34.679999999993015,1.8880494505491128,1.7577854671273074
firefox,EntityProperties,query,500,population-hydrate,10000,10000,1502,1,30,109.14000000001397,79.47999999998137,118.17999999993481,88.4199999999837,1.373175641671358,1.3365754354213593
firefox,Favorites,query,100,population-hot,10000,10000,102,1,30,4.559999999997672,2.4799999999813735,7.619999999995343,4.400000000023283,1.838709677432226,1.7318181818079594
firefox,Favorites,query,100,population-hydrate,10000,10000,102,1,30,7.980000000010477,6.880000000004657,9.580000000016298,8.580000000016298,1.1598837209309705,1.1165501165498952
firefox,Favorites,query,250,population-hot,10000,10000,252,1,30,8.700000000011642,5.639999999955762,12.820000000006985,10.14000000001397,1.5425531915035249,1.2642998027602883
firefox,Favorites,query,250,population-hydrate,10000,10000,252,1,30,18.119999999995343,15.320000000006985,20.399999999965075,19.839999999967404,1.1827676240200444,1.028225806451542
firefox,Favorites,query,500,population-hot,10000,10000,502,1,30,16.85999999998603,13.07999999995809,20.239999999990687,24.92000000004191,1.2889908256911353,0.8121990369163984
firefox,Favorites,query,500,population-hydrate,10000,10000,502,1,30,37.54000000003725,26.979999999981374,41.11999999999534,34.85999999998603,1.3914010378081234,1.1795754446360247
firefox,GraphqlChannelQuickAccessFields,fragment,100,population-hot,10000,10000,102,1,30,6.28000000002794,4.4200000000419095,9.100000000093132,5.819999999948777,1.4208144796308584,1.5635738831912753
firefox,GraphqlChannelQuickAccessFields,fragment,100,population-hydrate,10000,10000,102,1,30,9.540000000037253,9.599999999976717,14.35999999998603,14.979999999981374,0.9937500000062907,0.9586114819762274
firefox,GraphqlChannelQuickAccessFields,fragment,250,population-hot,10000,10000,252,1,30,15.699999999953434,10.840000000083819,20.84000000008382,13.860000000102445,1.448339483379339,1.5036075036024372
firefox,GraphqlChannelQuickAccessFields,fragment,250,population-hydrate,10000,10000,252,1,30,22.380000000121072,21.040000000037253,27.639999999897555,23.12000000011176,1.0636882129316276,1.1955017300935964
firefox,GraphqlChannelQuickAccessFields,fragment,500,population-hot,10000,10000,502,1,30,30.12000000011176,22.540000000037253,36.25999999977648,30.56000000005588,1.3362910381571418,1.1865183245978461
firefox,GraphqlChannelQuickAccessFields,fragment,500,population-hydrate,10000,10000,502,1,30,43.3800000003539,42.84000000031665,49.75999999977648,50.37999999988824,1.0126050420175832,0.9876935291759997
firefox,GraphqlChatQuickAccessName,fragment,100,population-hot,10000,10000,102,1,30,3.900000000023283,2.6199999999953434,7.380000000004657,3.699999999953434,1.488549618332143,1.994594594620956
firefox,GraphqlChatQuickAccessName,fragment,100,population-hydrate,10000,10000,102,1,30,6.599999999976717,7.199999999953434,9.260000000009313,9.5,0.9166666666693615,0.9747368421062435
firefox,GraphqlChatQuickAccessName,fragment,250,population-hot,10000,10000,252,1,30,7.959999999962747,6.540000000037253,10.919999999925494,9.899999999906868,1.2171253822503678,1.1030303030331536
firefox,GraphqlChatQuickAccessName,fragment,250,population-hydrate,10000,10000,252,1,30,14.120000000111759,16.87999999988824,18.520000000018626,24.619999999878928,0.8364928910074196,0.7522339561376807
firefox,GraphqlChatQuickAccessName,fragment,500,population-hot,10000,10000,502,1,30,15.220000000204891,15.100000000093132,22.09999999962747,19.959999999962747,1.0079470198749019,1.107214428841118
firefox,GraphqlChatQuickAccessName,fragment,500,population-hydrate,10000,10000,502,1,30,27.680000000167638,31.399999999906868,31.319999999832362,37.859999999869615,0.8815286624283356,0.8272583201252041
firefox,GraphqlCrmCompanyQuickAccessFields,fragment,100,population-hot,10000,10000,102,1,30,4.699999999953434,4.680000000051223,6.85999999998603,5.919999999925494,1.0042735042525623,1.1587837837960078
firefox,GraphqlCrmCompanyQuickAccessFields,fragment,100,population-hydrate,10000,10000,102,1,30,7.400000000023283,7.679999999934807,8.70000000006985,12.56000000005588,0.9635416666778774,0.6926751592381484
firefox,GraphqlCrmCompanyQuickAccessFields,fragment,250,population-hot,10000,10000,252,1,30,11.540000000037253,9.359999999869615,16.080000000074506,12.120000000111759,1.2329059829271374,1.3267326732612403
firefox,GraphqlCrmCompanyQuickAccessFields,fragment,250,population-hydrate,10000,10000,252,1,30,17.479999999981374,18.380000000121072,20.239999999990687,22.179999999934807,0.9510337323104586,0.9125338142493317
firefox,GraphqlCrmCompanyQuickAccessFields,fragment,500,population-hot,10000,10000,502,1,30,22.959999999962747,18.37999999988824,29.359999999869615,31.56000000005588,1.2491838955441976,0.9302915082324978
firefox,GraphqlCrmCompanyQuickAccessFields,fragment,500,population-hydrate,10000,10000,502,1,30,35.18000000016764,36.639999999664724,42.89999999990687,40.54000000003725,0.9601528384413088,1.0582141095181905
firefox,GraphqlDocumentQuickAccessName,fragment,100,population-hot,10000,10000,102,1,30,4.0200000000186265,2.9600000000791624,5.239999999990687,4.339999999967404,1.3581081080780795,1.2073732718963233
firefox,GraphqlDocumentQuickAccessName,fragment,100,population-hydrate,10000,10000,102,1,30,7.199999999953434,7.739999999990687,9.039999999920838,9.599999999976717,0.9302325581346379,0.9416666666607044
firefox,GraphqlDocumentQuickAccessName,fragment,250,population-hot,10000,10000,252,1,30,10.479999999981374,7.600000000093132,15.21999999997206,11.239999999990687,1.3789473684017037,1.3540925266890278
firefox,GraphqlDocumentQuickAccessName,fragment,250,population-hydrate,10000,10000,252,1,30,17.119999999878928,19.079999999841675,23.419999999925494,24.420000000158325,0.8972746331247897,0.9590499590406901
firefox,GraphqlDocumentQuickAccessName,fragment,500,population-hot,10000,10000,502,1,30,20.600000000093132,16.440000000409782,26.12000000011176,22.71999999973923,1.2530413625048453,1.1496478873420577
firefox,GraphqlDocumentQuickAccessName,fragment,500,population-hydrate,10000,10000,502,1,30,31.93999999994412,35.37999999988824,36.45999999996275,45.47999999998137,0.902769926513426,0.8016710642035549
firefox,GraphqlProjectQuickAccessName,fragment,100,population-hot,10000,10000,102,1,30,3.359999999869615,2.8200000000651926,4.199999999953434,3.8600000001024455,1.191489361628347,1.0880829015134623
firefox,GraphqlProjectQuickAccessName,fragment,100,population-hydrate,10000,10000,102,1,30,6.539999999804422,7.239999999990687,8.140000000130385,9.759999999776483,0.9033149171012204,0.8340163934750822
firefox,GraphqlProjectQuickAccessName,fragment,250,population-hot,10000,10000,252,1,30,8.080000000074506,6.959999999962747,11.839999999850988,9.839999999850988,1.1609195402468035,1.203252032523403
firefox,GraphqlProjectQuickAccessName,fragment,250,population-hydrate,10000,10000,252,1,30,14.340000000083819,17.15999999991618,17.260000000009313,20.83999999985099,0.8356643356733021,0.8282149712155819
firefox,GraphqlProjectQuickAccessName,fragment,500,population-hot,10000,10000,502,1,30,16.200000000186265,14.34000000031665,20.83999999985099,18.020000000018626,1.1297071129587548,1.156492785784098
firefox,GraphqlProjectQuickAccessName,fragment,500,population-hydrate,10000,10000,502,1,30,27.959999999962747,33.84000000031665,36.34000000031665,39.200000000186265,0.8262411347429408,0.9270408163302034
firefox,GroupSoup,query,100,population-hot,10000,10000,1085,1,30,79.67999999999302,45.22000000003027,95.35999999998603,56.26000000000931,1.7620521892954375,1.694987557766979
firefox,GroupSoup,query,100,population-hydrate,10000,10000,1085,1,30,134.7600000000093,86.04000000003725,154.85999999998603,92.64000000001397,1.5662482566242557,1.6716321243519288
firefox,GroupSoup,query,250,population-hot,10000,10000,2712,1,30,212.36000000004424,107.20000000001164,266.9799999999814,119.57999999995809,1.980970149253929,2.232647599933726
firefox,GroupSoup,query,250,population-hydrate,10000,10000,2712,1,30,331.3200000000652,202.67999999999302,428.679999999993,218.02000000001863,1.6346950858499931,1.9662416292081295
firefox,GroupSoup,query,500,population-hot,10000,10000,5426,1,30,417.94000000006054,227.14000000001397,486.4000000000233,269.8399999999674,1.840010566170797,1.8025496590575232
firefox,GroupSoup,query,500,population-hydrate,10000,10000,5426,1,30,672.2800000000279,399.29999999993015,751.2600000000093,419.03999999992084,1.6836463811674067,1.792812142039307
firefox,GroupSoupMembership,query,100,population-hot,10000,10000,202,1,30,4.080000000016298,3.1599999999743886,6.400000000023283,4.320000000006985,1.2911392405219513,1.4814814814844757
firefox,GroupSoupMembership,query,100,population-hydrate,10000,10000,202,1,30,11.880000000004657,11.020000000018626,14.400000000023283,14.200000000011642,1.078039927403319,1.0140845070430617
firefox,GroupSoupMembership,query,250,population-hot,10000,10000,502,1,30,9.78000000002794,8.520000000018626,14.479999999981374,11.440000000060536,1.1478873239444318,1.2657342657259398
firefox,GroupSoupMembership,query,250,population-hydrate,10000,10000,502,1,30,27.599999999976717,21.759999999892898,31.880000000004657,24.92000000004191,1.2683823529463494,1.2792937399659328
firefox,GroupSoupMembership,query,500,population-hot,10000,10000,1002,1,30,19.580000000074506,13.839999999850988,24.319999999832362,20.459999999962747,1.4147398844136791,1.1886608015579982
firefox,GroupSoupMembership,query,500,population-hydrate,10000,10000,1002,1,30,55.71999999997206,40.4000000001397,74.76000000000931,47.10000000009313,1.3792079207866186,1.5872611464938744
firefox,ItemPreview,query,100,population-hot,10000,10000,102,1,30,2.7600000000093132,1.8800000000046566,3.9400000000023283,2.5399999999790452,1.4680851063842963,1.5511811023759186
firefox,ItemPreview,query,100,population-hydrate,10000,10000,102,1,30,7.180000000051223,6.7999999999883585,7.839999999967404,9.299999999988358,1.0558823529505168,0.8430107526857223
firefox,ItemPreview,query,250,population-hot,10000,10000,252,1,30,6.300000000046566,3.6799999999348074,8.93999999994412,5.059999999939464,1.7119565217821122,1.766798418982426
firefox,ItemPreview,query,250,population-hydrate,10000,10000,252,1,30,15.059999999939464,13.180000000051223,17.959999999962747,14.56000000005588,1.14264036417913,1.233516483509191
firefox,ItemPreview,query,500,population-hot,10000,10000,502,1,30,12.080000000074506,6.739999999990687,20.179999999934807,9.260000000009313,1.7922848664823736,2.179265658738068
firefox,ItemPreview,query,500,population-hydrate,10000,10000,502,1,30,29.299999999813735,22.540000000037253,45.45999999996275,25.66000000014901,1.2999112688449561,1.7716289945322976
firefox,ItemPreviewFields,fragment,100,population-hot,10000,10000,102,1,30,4.4799999999813735,2.8799999998882413,7.5200000000186265,4.0,1.5555555556094516,1.8800000000046566
firefox,ItemPreviewFields,fragment,100,population-hydrate,10000,10000,102,1,30,7.099999999860302,6.820000000065193,11.0,8.540000000037253,1.0410557184446383,1.2880562060833742
firefox,ItemPreviewFields,fragment,250,population-hot,10000,10000,252,1,30,10.419999999925494,7.739999999990687,13.5,10.800000000046566,1.346253229966154,1.2499999999946103
firefox,ItemPreviewFields,fragment,250,population-hydrate,10000,10000,252,1,30,14.940000000176951,15.520000000018626,18.020000000018626,21.360000000102445,0.9626288659896276,0.843632958798324
firefox,ItemPreviewFields,fragment,500,population-hot,10000,10000,502,1,30,18.21999999973923,13.459999999962747,24.28000000026077,18.459999999962747,1.353640416031921,1.3152762730395324
firefox,ItemPreviewFields,fragment,500,population-hydrate,10000,10000,502,1,30,29.899999999906868,30.72000000020489,36.56000000005588,43.200000000186265,0.9733072916571435,0.8462962962939409
firefox,ItemPreviewFileTypeCacheWrite,query,100,population-hot,10000,10000,102,1,30,1.7399999999906868,1.4800000000395812,1.9800000000395812,3.080000000016298,1.1756756756379405,0.6428571428665921
firefox,ItemPreviewFileTypeCacheWrite,query,100,population-hydrate,10000,10000,102,1,30,6.2000000000116415,6.739999999990687,9.239999999990687,9.14000000001397,0.9198813056409805,1.010940919034635
firefox,ItemPreviewFileTypeCacheWrite,query,250,population-hot,10000,10000,252,1,30,3.35999999998603,3.099999999976717,4.679999999934807,4.880000000004657,1.0838709677455696,0.9590163934283487
firefox,ItemPreviewFileTypeCacheWrite,query,250,population-hydrate,10000,10000,252,1,30,12.040000000037253,11.539999999920838,14.959999999962747,13.300000000046566,1.0433275563362083,1.1248120300684488
firefox,ItemPreviewFileTypeCacheWrite,query,500,population-hot,10000,10000,502,1,30,6.459999999962747,4.600000000093132,7.659999999916181,6.760000000009313,1.4043478260504254,1.1331360946605957
firefox,ItemPreviewFileTypeCacheWrite,query,500,population-hydrate,10000,10000,502,1,30,22.919999999925494,19.919999999925494,30.78000000002794,24.239999999990687,1.1506024096391174,1.2698019801996603
firefox,ItemPreviewNameCacheWrite,query,100,population-hot,10000,10000,102,1,30,2.4400000000023283,1.6199999999953434,3.5200000000186265,2.179999999993015,1.5061728395119396,1.6146788990962866
firefox,ItemPreviewNameCacheWrite,query,100,population-hydrate,10000,10000,102,1,30,6.739999999990687,7.0200000000186265,9.740000000048894,9.019999999960419,0.960113960110086,1.0798226164181413
firefox,ItemPreviewNameCacheWrite,query,250,population-hot,10000,10000,252,1,30,5.200000000069849,3.3199999999487773,5.78000000002794,4.279999999911524,1.5662650602861679,1.3504672897540708
firefox,ItemPreviewNameCacheWrite,query,250,population-hydrate,10000,10000,252,1,30,13.680000000051223,13.040000000037253,15.57999999995809,16.15999999991618,1.0490797546021582,0.9641089108934964
firefox,ItemPreviewNameCacheWrite,query,500,population-hot,10000,10000,502,1,30,10.639999999897555,7.28000000002794,13.959999999962747,12.860000000102445,1.46153846151878,1.085536547422359
firefox,ItemPreviewNameCacheWrite,query,500,population-hydrate,10000,10000,502,1,30,26.72000000020489,21.540000000037253,33.47999999998137,24.360000000102445,1.2404828226628912,1.3743842364466574
firefox,ItemPreviews,query,100,population-hot,10000,10000,118,1,30,3.7600000000093132,2.7600000000093132,5.380000000004657,3.2800000000279397,1.3623188405784876,1.6402439024264721
firefox,ItemPreviews,query,100,population-hydrate,10000,10000,118,1,30,10.520000000018626,8.700000000011642,12.960000000020955,12.460000000020955,1.2091954022993736,1.0401284109148603
firefox,ItemPreviews,query,250,population-hot,10000,10000,294,1,30,8.760000000009313,5.440000000060536,12.56000000005588,7.5799999999580905,1.6102941176308516,1.6569920844492512
firefox,ItemPreviews,query,250,population-hydrate,10000,10000,294,1,30,23.440000000060536,16.819999999948777,29.559999999939464,21.180000000051223,1.3935790725405421,1.3956562795027372
firefox,ItemPreviews,query,500,population-hot,10000,10000,586,1,30,21.199999999953434,9.760000000009313,31.0,16.06000000005588,2.17213114753414,1.930261519295899
firefox,ItemPreviews,query,500,population-hydrate,10000,10000,586,1,30,44.699999999953434,29.020000000018626,54.39999999990687,37.11999999987893,1.5403170227403427,1.4655172413815813
firefox,MailAccounts,query,100,population-hot,10000,10000,102,1,30,2.1199999999953434,1.7399999999906868,2.419999999983702,2.779999999969732,1.2183908046015464,0.8705035971259174
firefox,MailAccounts,query,100,population-hydrate,10000,10000,102,1,30,6.21999999997206,5.9200000000419095,7.059999999997672,8.239999999990687,1.050675675663518,0.8567961165055402
firefox,MailAccounts,query,250,population-hot,10000,10000,252,1,30,4.739999999990687,3.7600000000093132,6.060000000055879,7.739999999990687,1.260638297866741,0.7829457364422702
firefox,MailAccounts,query,250,population-hydrate,10000,10000,252,1,30,13.180000000051223,11.760000000009313,15.340000000083819,14.85999999998603,1.120748299323196,1.0323014804911332
firefox,MailAccounts,query,500,population-hot,10000,10000,502,1,30,8.93999999994412,6.540000000037253,11.28000000002794,10.71999999997206,1.3669724770478895,1.0522388059754981
firefox,MailAccounts,query,500,population-hydrate,10000,10000,502,1,30,28.679999999934807,21.860000000102445,33.28000000002794,25.06000000005588,1.311985361381537,1.3280127693517052
firefox,MailItemFields,fragment,100,population-hot,10000,10000,538,1,30,51.17999999993481,21.21999999997206,58.0,27.320000000065193,2.4118755890670216,2.122986822835344
firefox,MailItemFields,fragment,100,population-hydrate,10000,10000,538,1,30,70.73999999999069,42.31999999983236,85.47999999998137,59.199999999953434,1.6715500945243598,1.4439189189197401
firefox,MailItemFields,fragment,250,population-hot,10000,10000,1355,1,30,111.37999999988824,58.65999999991618,148.3200000000652,67.86000000010245,1.8987384930113773,2.1856763925706053
firefox,MailItemFields,fragment,250,population-hydrate,10000,10000,1355,1,30,165.87999999988824,104.43999999994412,198.28000000002794,116.65999999991618,1.5882803523551992,1.6996399794288566
firefox,MailItemFields,fragment,500,population-hot,10000,10000,2712,1,30,219.92000000039116,119.29999999981374,274.7799999997951,154.25999999977648,1.8434199497127788,1.7812783612096024
firefox,MailItemFields,fragment,500,population-hydrate,10000,10000,2712,1,30,315.81999999983236,213.39999999990687,349.79999999981374,241.660000000149,1.4799437675724938,1.4474882065695525
firefox,MyActivity,query,100,population-hot,10000,10000,102,1,30,4.3600000001024455,2.6199999999953434,6.940000000060536,3.6000000000349246,1.6641221374466393,1.9277777777758913
firefox,MyActivity,query,100,population-hydrate,10000,10000,102,1,30,9.480000000097789,7.880000000004657,11.699999999953434,10.779999999969732,1.2030456852908866,1.085343228199099
firefox,MyActivity,query,250,population-hot,10000,10000,252,1,30,10.239999999990687,5.900000000023283,14.35999999998603,8.35999999998603,1.7355932203305553,1.7177033492834959
firefox,MyActivity,query,250,population-hydrate,10000,10000,252,1,30,20.520000000018626,14.78000000002794,27.540000000037253,18.899999999906868,1.3883626522313828,1.4571428571520084
firefox,MyActivity,query,500,population-hot,10000,10000,502,1,30,20.979999999981374,12.459999999962747,25.300000000046566,18.5999999998603,1.6837881219939084,1.3602150537761606
firefox,MyActivity,query,500,population-hydrate,10000,10000,502,1,30,40.75999999977648,28.43999999994412,45.800000000046566,34.23999999999069,1.4331926863522,1.3376168224316303
firefox,MyActivityOverview,query,100,population-hot,10000,10000,2,1,30,2.4799999999813735,1.8199999999487773,4.319999999948777,3.14000000001397,1.3626373626654789,1.3757961783215151
firefox,MyActivityOverview,query,100,population-hydrate,10000,10000,2,1,30,4.0200000000186265,3.0799999999580905,5.739999999990687,3.85999999998603,1.3051948052186124,1.4870466321273215
firefox,MyActivityOverview,query,250,population-hot,10000,10000,2,1,30,5.21999999997206,3.540000000037253,7.880000000004657,4.660000000032596,1.4745762711630306,1.6909871244526902
firefox,MyActivityOverview,query,250,population-hydrate,10000,10000,2,1,30,6.85999999998603,5.380000000004657,9.619999999995343,7.200000000069849,1.2750929367992736,1.3361111110975024
firefox,MyActivityOverview,query,500,population-hot,10000,10000,2,1,30,9.940000000176951,5.78000000002794,14.899999999906868,8.260000000009313,1.7197231834133049,1.8038740919963763
firefox,MyActivityOverview,query,500,population-hydrate,10000,10000,2,1,30,11.460000000195578,8.479999999981374,15.979999999981374,11.900000000139698,1.3514150943656544,1.3428571428398133
firefox,Soup,query,100,population-hot,10000,10000,641,1,30,45.23999999999069,22.539999999920838,53.04000000003725,34.67999999993481,2.0070984915771772,1.5294117647098315
firefox,Soup,query,100,population-hydrate,10000,10000,641,1,30,72.84000000008382,50.5,83.54000000003725,58.5,1.442376237625422,1.4280341880348248
firefox,Soup,query,250,population-hot,10000,10000,1606,1,30,107.56000000005588,60.68000000005122,120.93999999994412,69.67999999993481,1.7725774555037093,1.7356486796793524
firefox,Soup,query,250,population-hydrate,10000,10000,1606,1,30,178.64000000001397,112.23999999999069,221.3200000000652,130.9200000000419,1.5915894511763078,1.690498014054341
firefox,Soup,query,500,population-hot,10000,10000,3204,1,30,217.69999999995343,126.45999999996275,249.93999999994412,162.5,1.7214929622016255,1.538092307691964
firefox,Soup,query,500,population-hydrate,10000,10000,3204,1,30,357.30000000004657,212.4000000001397,399.71999999997206,237.56000000005588,1.6822033898296214,1.6826064994101617
firefox,SoupBackfill,query,100,population-hot,10000,10000,721,1,30,52.59999999997672,32.919999999925494,62.54000000003725,45.21999999997206,1.597812879711293,1.3830163644421913
firefox,SoupBackfill,query,100,population-hydrate,10000,10000,721,1,30,115.63999999989755,59.97999999998137,127.88000000000466,69.31999999994878,1.9279759919962232,1.844777841894102
firefox,SoupBackfill,query,250,population-hot,10000,10000,1816,1,30,144.72000000008848,77.23999999999069,171.1600000000326,93.40000000002328,1.8736406007263844,1.8325481798714125
firefox,SoupBackfill,query,250,population-hydrate,10000,10000,1816,1,30,298.04000000003725,145.0,327.2600000000093,157.7399999999907,2.055448275862326,2.074679852922712
firefox,SoupBackfill,query,500,population-hot,10000,10000,3614,1,30,288.80000000004657,159.04000000003725,326.1599999999162,193.12000000011176,1.8158953722332678,1.6888980944476357
firefox,SoupBackfill,query,500,population-hydrate,10000,10000,3614,1,30,602.0400000000373,282.5600000000559,664.5200000000186,319.62000000011176,2.130662514155996,2.0790939240341224
firefox,SoupItemFields,fragment,100,population-hot,10000,10000,538,1,30,46.21999999997206,22.87999999988824,52.06000000005588,36.38000000012107,2.0201048951135414,1.4310060472754982
firefox,SoupItemFields,fragment,100,population-hydrate,10000,10000,538,1,30,68.21999999997206,43.28000000002794,81.21999999997206,47.04000000003725,1.5762476894622925,1.726615646256542
firefox,SoupItemFields,fragment,250,population-hot,10000,10000,1355,1,30,105.28000000002794,55.95999999996275,111.56000000005588,61.480000000214204,1.8813438170139032,1.814573845147482
firefox,SoupItemFields,fragment,250,population-hydrate,10000,10000,1355,1,30,160.1799999999348,105.4000000001397,176.5,112.95999999996275,1.519734345348411,1.5625000000005154
firefox,SoupItemFields,fragment,500,population-hot,10000,10000,2712,1,30,208.160000000149,118.52000000001863,229.9199999999255,132.7799999997951,1.7563280459004076,1.7315860822434124
firefox,SoupItemFields,fragment,500,population-hydrate,10000,10000,2712,1,30,314.5,212.2799999997951,369.90000000037253,234.63999999966472,1.4815338232537383,1.576457551998385
firefox,SoupMailBackfill,query,100,population-hot,10000,10000,641,1,30,39.11999999999534,23.56000000005588,46.45999999996275,30.21999999997206,1.6604414261418743,1.5373924553277862
firefox,SoupMailBackfill,query,100,population-hydrate,10000,10000,641,1,30,73.43999999994412,49.06000000005588,86.39999999990687,62.31999999994878,1.4969425193612,1.3863928112961792
firefox,SoupMailBackfill,query,250,population-hot,10000,10000,1606,1,30,102.26000000000931,59.9000000001397,107.45999999996275,70.97999999998137,1.7071786310479269,1.5139475908705402
firefox,SoupMailBackfill,query,250,population-hydrate,10000,10000,1606,1,30,179.47999999998137,112.93999999994412,185.69999999995343,126.52000000001863,1.5891623871088203,1.4677521340493684
firefox,SoupMailBackfill,query,500,population-hot,10000,10000,3204,1,30,216.13999999989755,125.37999999988824,248.2200000002049,175.1799999999348,1.7238794066046437,1.4169425733548193
firefox,SoupMailBackfill,query,500,population-hydrate,10000,10000,3204,1,30,356.31999999983236,213.78000000002794,385.6799999999348,230.0800000000745,1.6667602207867238,1.6762865090395076
firefox,SoupMembership,query,100,population-hot,10000,10000,102,1,30,1.5800000000745058,1.400000000023283,1.8800000000046566,1.8599999999860302,1.1285714286058781,1.010752688182138
firefox,SoupMembership,query,100,population-hydrate,10000,10000,102,1,30,5.680000000051223,6.519999999902211,6.540000000037253,8.92000000004191,0.8711656441927014,0.7331838565029737
firefox,SoupMembership,query,250,population-hot,10000,10000,252,1,30,3.2600000000093132,2.8200000000651926,4.400000000139698,4.120000000111759,1.1560283687709039,1.0679611650534817
firefox,SoupMembership,query,250,population-hydrate,10000,10000,252,1,30,11.479999999981374,12.06000000005588,12.43999999994412,15.160000000149012,0.9519071310056535,0.8205804749222853
firefox,SoupMembership,query,500,population-hot,10000,10000,502,1,30,6.120000000111759,4.839999999850988,7.620000000111759,6.300000000279397,1.2644628099793758,1.2095238094879082
firefox,SoupMembership,query,500,population-hydrate,10000,10000,502,1,30,21.62000000011176,20.21999999973923,28.56000000005588,25.700000000186265,1.0692383778630359,1.111284046686727
firefox,SoupNotifications,query,100,population-hot,10000,10000,302,1,30,21.319999999948777,11.320000000065193,29.160000000032596,18.57999999995809,1.8833922261330382,1.56942949408495
firefox,SoupNotifications,query,100,population-hydrate,10000,10000,302,1,30,33.31999999994878,24.35999999998603,40.29999999993015,28.85999999998603,1.3678160919527047,1.396396396394652
firefox,SoupNotifications,query,250,population-hot,10000,10000,752,1,30,52.87999999988824,28.15999999991618,59.17999999993481,39.47999999998137,1.8778409090925299,1.4989868287731187
firefox,SoupNotifications,query,250,population-hydrate,10000,10000,752,1,30,82.28000000002794,53.82000000006519,91.83999999985099,66.36000000010245,1.5287997027114135,1.3839662447213563
firefox,SoupNotifications,query,500,population-hot,10000,10000,1502,1,30,109.85999999986961,57.72000000020489,119.04000000003725,73.63999999966472,1.903326403317388,1.6165127648096038
firefox,SoupNotifications,query,500,population-hydrate,10000,10000,1502,1,30,174.23999999975786,105.25999999977648,210.47999999998137,114.9199999999255,1.6553296598910112,1.8315349808572732
firefox,SoupSharedMailBackfill,query,100,population-hot,10000,10000,641,1,30,43.64000000001397,22.959999999962747,53.68000000005122,28.739999999990687,1.9006968641151907,1.867780097427579
firefox,SoupSharedMailBackfill,query,100,population-hydrate,10000,10000,641,1,30,75.21999999997206,50.059999999939464,92.88000000000466,57.02000000001863,1.5025968837407715,1.6289021395996899
firefox,SoupSharedMailBackfill,query,250,population-hot,10000,10000,1606,1,30,106.87999999988824,59.639999999897555,147.39999999990687,74.5,1.792085848425081,1.9785234899316357
firefox,SoupSharedMailBackfill,query,250,population-hydrate,10000,10000,1606,1,30,191.4199999999255,118.14000000013039,247.04000000003725,146.10000000009313,1.6202810225132405,1.6908966461319628
firefox,SoupSharedMailBackfill,query,500,population-hot,10000,10000,3204,1,30,222.4199999999255,124.0,270.5599999995902,171.24000000022352,1.793709677418754,1.5800046718011975
firefox,SoupSharedMailBackfill,query,500,population-hydrate,10000,10000,3204,1,30,374.679999999702,231.12000000011176,394.81999999983236,245.64000000013039,1.621149186567674,1.6073115127813988
