FAILED /auth/team net::ERR_ABORTED
FAILED /dss/call/5eedd269-41ae-8e1b-b5b1-c430237fa3c3/active net::ERR_ABORTED
FAILED /email/email/links/health-check net::ERR_ABORTED
FAILED /dss/call/5eedd269-41ae-8e1b-b5b1-c430237fa3c3/active net::ERR_ABORTED
ACTIVE CALL {"phase":"before","outcome":"ThrownResultError: Resource conflict","transport":"disconnected","lifecycle":"failed","tokens":2,"disconnects":1,"unwatches":1,"left":0,"leaves":["01a0c0f9-63b0-7994-8297-49d0eed7d4e0"],"message":"You're already in another call. Leave your current call before joining a new one."}
ACTIVE CALL {"phase":"after","outcome":"Error: You're already in another call. Leave your current call before joining a new one.","transport":"connected","lifecycle":"active","tokens":1,"disconnects":0,"unwatches":0,"left":0,"leaves":[],"message":"You're already in another call. Leave your current call before joining a new one."}
FAILED /dss/call/5eedd269-41ae-8e1b-b5b1-c430237fa3c3/active net::ERR_ABORTED
FAILED /i/otlp/v1/traces net::ERR_CONNECTION_REFUSED
FAILED /i/otlp/v1/traces net::ERR_CONNECTION_REFUSED
FAILED /src/lib/service-clients/service-storage/generated/schemas/claimPairingRequest.ts net::ERR_NETWORK_CHANGED
FAILED /src/lib/service-clients/service-storage/generated/schemas/collabSurfaceResponse.ts net::ERR_NETWORK_CHANGED
FAILED /src/lib/service-clients/service-storage/generated/schemas/collabSurfaceResponseParentEntityType.ts net::ERR_NETWORK_CHANGED
FAILED /src/lib/service-clients/service-storage/generated/schemas/collabSurfaceTokenResponse.ts net::ERR_NETWORK_CHANGED
FAILED /src/lib/service-clients/service-storage/generated/schemas/comment.ts net::ERR_NETWORK_CHANGED
FAILED /src/lib/service-clients/service-storage/generated/schemas/commentCreatedAt.ts net::ERR_NETWORK_CHANGED
FAILED /src/lib/service-clients/service-storage/generated/schemas/commentDeletedAt.ts net::ERR_NETWORK_CHANGED
FAILED /src/lib/service-clients/service-storage/generated/schemas/commentOrder.ts net::ERR_NETWORK_CHANGED
FAILED /src/lib/service-clients/service-storage/generated/schemas/commentSender.ts net::ERR_NETWORK_CHANGED
FAILED /src/lib/service-clients/service-storage/generated/schemas/commentThread.ts net::ERR_NETWORK_CHANGED
FAILED /src/lib/service-clients/service-storage/generated/schemas/commentUpdatedAt.ts net::ERR_NETWORK_CHANGED
FAILED /src/lib/service-clients/service-storage/generated/schemas/conferenceProvider.ts net::ERR_NETWORK_CHANGED
FAILED /src/lib/service-clients/service-storage/generated/schemas/copyDocumentParams.ts net::ERR_NETWORK_CHANGED
FAILED /src/lib/service-clients/service-storage/generated/schemas/copyDocumentQueryParams.ts net::ERR_NETWORK_CHANGED
FAILED /src/lib/service-clients/service-storage/generated/schemas/copyDocumentQueryParamsVersionId.ts net::ERR_NETWORK_CHANGED
FAILED /src/lib/service-clients/service-storage/generated/schemas/copyDocumentRequest.ts net::ERR_NETWORK_CHANGED
FAILED /src/lib/service-clients/service-storage/generated/schemas/copyDocumentRequestVersionId.ts net::ERR_NETWORK_CHANGED
FAILED /src/lib/service-clients/service-storage/generated/schemas/copyDocumentResponse.ts net::ERR_NETWORK_CHANGED
FAILED /src/lib/service-clients/service-storage/generated/schemas/countedReaction.ts net::ERR_NETWORK_CHANGED
FAILED /src/lib/service-clients/service-storage/generated/schemas/createAgentRequest.ts net::ERR_NETWORK_CHANGED
FAILED /src/lib/service-clients/service-storage/generated/schemas/createAgentRequestAutoAcceptPermissions.ts net::ERR_NETWORK_CHANGED
FAILED /src/lib/service-clients/service-storage/generated/schemas/createAgentRequestAvatarUrl.ts net::ERR_NETWORK_CHANGED
FAILED /src/lib/service-clients/service-storage/generated/schemas/createAgentRequestDescription.ts net::ERR_NETWORK_CHANGED
FAILED /src/lib/service-clients/service-storage/generated/schemas/createAgentRequestHarnessId.ts net::ERR_NETWORK_CHANGED
FAILED /src/lib/service-clients/service-storage/generated/schemas/createAgentRequestTeamId.ts net::ERR_NETWORK_CHANGED
FAILED /src/lib/service-clients/service-storage/generated/schemas/createBotRequest.ts net::ERR_NETWORK_CHANGED
FAILED /src/lib/service-clients/service-storage/generated/schemas/createBotRequestAvatarUrl.ts net::ERR_NETWORK_CHANGED
FAILED /src/lib/service-clients/service-storage/generated/schemas/createBotRequestDescription.ts net::ERR_NETWORK_CHANGED
FAILED /src/lib/service-clients/service-storage/generated/schemas/createBotRequestHasAgent.ts net::ERR_NETWORK_CHANGED
FAILED /src/lib/service-clients/service-storage/generated/schemas/createBotRequestTeamId.ts net::ERR_NETWORK_CHANGED
FAILED /src/lib/service-clients/service-storage/generated/schemas/createBulkDocumentResponse.ts net::ERR_NETWORK_CHANGED
FAILED /src/lib/service-clients/service-storage/generated/schemas/createBulkDocumentResponseData.ts net::ERR_NETWORK_CHANGED
FAILED /src/lib/service-clients/service-storage/generated/schemas/createBulkDocumentResponseDataDocumentMetadata.ts net::ERR_NETWORK_CHANGED
FAILED /src/lib/service-clients/service-storage/generated/schemas/createBulkDocumentResponseDataPresignedUrl.ts net::ERR_NETWORK_CHANGED
FAILED /src/lib/service-clients/service-storage/generated/schemas/createChannelRequest.ts net::ERR_NETWORK_CHANGED
FAILED /src/lib/service-clients/service-storage/generated/schemas/createChannelRequestName.ts net::ERR_NETWORK_CHANGED
FAILED /src/lib/service-clients/service-storage/generated/schemas/createChannelRequestTeamId.ts net::ERR_NETWORK_CHANGED
FAILED /src/lib/service-clients/service-storage/generated/schemas/createChannelResponse.ts net::ERR_NETWORK_CHANGED
FAILED /src/lib/service-clients/service-storage/generated/schemas/createChannelScopedBotRequest.ts net::ERR_NETWORK_CHANGED
FAILED /src/lib/service-clients/service-storage/generated/schemas/createChannelScopedBotRequestAvatarUrl.ts net::ERR_NETWORK_CHANGED
FAILED /src/lib/service-clients/service-storage/generated/schemas/createChannelScopedBotRequestDescription.ts net::ERR_NETWORK_CHANGED
FAILED /src/lib/service-clients/service-storage/generated/schemas/createChannelScopedBotRequestHasAgent.ts net::ERR_NETWORK_CHANGED
FAILED /src/lib/service-clients/service-storage/generated/schemas/createChannelScopedBotRequestTeamId.ts net::ERR_NETWORK_CHANGED
FAILED /src/lib/service-clients/service-storage/generated/schemas/createChannelScopedBotRequestTokenExpiresAt.ts net::ERR_NETWORK_CHANGED
FAILED /src/lib/service-clients/service-storage/generated/schemas/createChannelScopedBotRequestTokenLabel.ts net::ERR_NETWORK_CHANGED
FAILED /src/lib/service-clients/service-storage/generated/schemas/createChannelScopedBotResponse.ts net::ERR_NETWORK_CHANGED
FAILED /src/lib/service-clients/service-storage/generated/schemas/createCommentRequest.ts net::ERR_NETWORK_CHANGED
FAILED /src/lib/service-clients/service-storage/generated/schemas/createCommentRequestAnchor.ts net::ERR_NETWORK_CHANGED
FAILED /src/lib/service-clients/service-storage/generated/schemas/createCommentRequestMentions.ts net::ERR_NETWORK_CHANGED
FAILED /src/lib/service-clients/service-storage/generated/schemas/createCommentRequestThreadId.ts net::ERR_NETWORK_CHANGED
FAILED /src/lib/service-clients/service-storage/generated/schemas/createCommentResponse.ts net::ERR_NETWORK_CHANGED
FAILED /src/lib/service-clients/service-storage/generated/schemas/createCommentResponseAllOf.ts net::ERR_NETWORK_CHANGED
FAILED /src/lib/service-clients/service-storage/generated/schemas/createCommentResponseAllOfAnchor.ts net::ERR_NETWORK_CHANGED
FAILED /src/lib/service-clients/service-storage/generated/schemas/createCrmCommentRequest.ts net::ERR_NETWORK_CHANGED
FAILED /src/lib/service-clients/service-storage/generated/schemas/createCrmCommentRequestThreadId.ts net::ERR_NETWORK_CHANGED
FAILED /src/lib/service-clients/service-storage/generated/schemas/createCrmCompanyRequest.ts net::ERR_NETWORK_CHANGED
FAILED /src/lib/service-clients/service-storage/generated/schemas/createCrmContactRequest.ts net::ERR_NETWORK_CHANGED
FAILED /src/lib/service-clients/service-storage/generated/schemas/createDocument200.ts net::ERR_NETWORK_CHANGED
FAILED /src/lib/service-clients/service-storage/generated/schemas/createDocument200DataOneOf.ts net::ERR_NETWORK_CHANGED
FAILED /src/lib/service-clients/service-storage/generated/schemas/createDocument200DataOneOfAllOf.ts net::ERR_NETWORK_CHANGED
FAILED /src/lib/service-clients/service-storage/generated/schemas/createDocument200DataOneOfAllOfFileType.ts net::ERR_NETWORK_CHANGED
FAILED /src/lib/service-clients/service-storage/generated/schemas/createDocumentRequest.ts net::ERR_NETWORK_CHANGED
FAILED /src/lib/service-clients/service-storage/generated/schemas/createDocumentRequestBranchedFromId.ts net::ERR_NETWORK_CHANGED
FAILED /src/lib/service-clients/service-storage/generated/schemas/createDocumentRequestBranchedFromVersionId.ts net::ERR_NETWORK_CHANGED
FAILED /src/lib/service-clients/service-storage/generated/schemas/createDocumentRequestCreatedAt.ts net::ERR_NETWORK_CHANGED
FAILED /src/lib/service-clients/service-storage/generated/schemas/createDocumentRequestDocumentFamilyId.ts net::ERR_NETWORK_CHANGED
FAILED /src/lib/service-clients/service-storage/generated/schemas/createDocumentRequestEmailAttachmentId.ts net::ERR_NETWORK_CHANGED
FAILED /src/lib/service-clients/service-storage/generated/schemas/createDocumentRequestFileType.ts net::ERR_NETWORK_CHANGED
FAILED /src/lib/service-clients/service-storage/generated/schemas/createDocumentRequestId.ts net::ERR_NETWORK_CHANGED
FAILED /src/lib/service-clients/service-storage/generated/schemas/createDocumentRequestJobId.ts net::ERR_NETWORK_CHANGED
FAILED /src/lib/service-clients/service-storage/generated/schemas/createDocumentRequestMimeType.ts net::ERR_NETWORK_CHANGED
FAILED /src/lib/service-clients/service-storage/generated/schemas/createDocumentRequestProjectId.ts net::ERR_NETWORK_CHANGED
FAILED /src/lib/service-clients/service-storage/generated/schemas/createDocumentRequestTeamId.ts net::ERR_NETWORK_CHANGED
FAILED /src/lib/service-clients/service-storage/generated/schemas/createDocumentResponseData.ts net::ERR_NETWORK_CHANGED
FAILED /src/lib/service-clients/service-storage/generated/schemas/createDocumentResponseDataAllOf.ts net::ERR_NETWORK_CHANGED
FAILED /src/lib/service-clients/service-storage/generated/schemas/createDocumentResponseDataAllOfFileType.ts net::ERR_NETWORK_CHANGED
FAILED /src/lib/service-clients/service-storage/generated/schemas/createdPairing.ts net::ERR_NETWORK_CHANGED
FAILED /src/lib/service-clients/service-storage/generated/schemas/createdUserApiKey.ts net::ERR_NETWORK_CHANGED
FAILED /src/lib/service-clients/service-storage/generated/schemas/createEntityMentionRequest.ts net::ERR_NETWORK_CHANGED
FAILED /src/lib/service-clients/service-storage/generated/schemas/createEntityMentionResponse.ts net::ERR_NETWORK_CHANGED
FAILED /src/lib/service-clients/service-storage/generated/schemas/createEntityMentionResponseUserId.ts net::ERR_NETWORK_CHANGED
FAILED /src/lib/service-clients/service-storage/generated/schemas/createInitiativeRequest.ts net::ERR_NETWORK_CHANGED
FAILED /src/lib/service-clients/service-storage/generated/schemas/createInitiativeRequestDescription.ts net::ERR_NETWORK_CHANGED
FAILED /src/lib/service-clients/service-storage/generated/schemas/createInitiativeRequestMemberIds.ts net::ERR_NETWORK_CHANGED
FAILED /src/lib/service-clients/service-storage/generated/schemas/createInitiativeRequestShareWithTeam.ts net::ERR_NETWORK_CHANGED
FAILED /src/lib/service-clients/service-storage/generated/schemas/createInstructionsDocumentResponse.ts net::ERR_NETWORK_CHANGED
FAILED /src/lib/service-clients/service-storage/generated/schemas/createMarkdownDocumentRequest.ts net::ERR_NETWORK_CHANGED
FAILED /src/lib/service-clients/service-storage/generated/schemas/createMarkdownDocumentRequestMarkdown.ts net::ERR_NETWORK_CHANGED
FAILED /src/lib/service-clients/service-storage/generated/schemas/createMarkdownDocumentRequestProjectId.ts net::ERR_NETWORK_CHANGED
FAILED /src/lib/service-clients/service-storage/generated/schemas/createMarkdownDocumentResponse.ts net::ERR_NETWORK_CHANGED
FAILED /src/lib/service-clients/service-storage/generated/schemas/createMarkdownHandler200.ts net::ERR_NETWORK_CHANGED
FAILED /src/lib/service-clients/service-storage/generated/schemas/createPairingRequest.ts net::ERR_NETWORK_CHANGED
FAILED /src/lib/service-clients/service-storage/generated/schemas/createPairingRequestAllowPermissionBypass.ts net::ERR_NETWORK_CHANGED
FAILED /src/lib/service-clients/service-storage/generated/schemas/createPairingRequestHost.ts net::ERR_NETWORK_CHANGED
FAILED /src/lib/service-clients/service-storage/generated/schemas/createPairingRequestScope.ts net::ERR_NETWORK_CHANGED
FAILED /src/lib/service-clients/service-storage/generated/schemas/createProjectRequest.ts net::ERR_NETWORK_CHANGED
FAILED /src/lib/service-clients/service-storage/generated/schemas/createProjectRequestProjectParentId.ts net::ERR_NETWORK_CHANGED
FAILED /src/lib/service-clients/service-storage/generated/schemas/createProjectResponse.ts net::ERR_NETWORK_CHANGED
FAILED /src/lib/service-clients/service-storage/generated/schemas/createReminderRequest.ts net::ERR_NETWORK_CHANGED
FAILED /src/lib/service-clients/service-storage/generated/schemas/createReminderRequestEntityId.ts net::ERR_NETWORK_CHANGED
FAILED /src/lib/service-clients/service-storage/generated/schemas/createReminderRequestEntityType.ts net::ERR_NETWORK_CHANGED
FAILED /src/lib/service-clients/service-storage/generated/schemas/createSkillHandler200.ts net::ERR_NETWORK_CHANGED
FAILED /src/lib/service-clients/service-storage/generated/schemas/createSkillRequest.ts net::ERR_NETWORK_CHANGED
FAILED /src/lib/service-clients/service-storage/generated/schemas/createSkillRequestMarkdown.ts net::ERR_NETWORK_CHANGED
FAILED /src/lib/service-clients/service-storage/generated/schemas/createSkillRequestProjectId.ts net::ERR_NETWORK_CHANGED
FAILED /src/lib/service-clients/service-storage/generated/schemas/createSkillResponse.ts net::ERR_NETWORK_CHANGED
FAILED /src/lib/service-clients/service-storage/generated/schemas/createSnippetHandler200.ts net::ERR_NETWORK_CHANGED
FAILED /src/lib/service-clients/service-storage/generated/schemas/createSnippetRequest.ts net::ERR_NETWORK_CHANGED
FAILED /src/lib/service-clients/service-storage/generated/schemas/createSnippetRequestMarkdown.ts net::ERR_NETWORK_CHANGED
FAILED /src/lib/service-clients/service-storage/generated/schemas/createSnippetRequestProjectId.ts net::ERR_NETWORK_CHANGED
FAILED /src/lib/service-clients/service-storage/generated/schemas/createSnippetResponse.ts net::ERR_NETWORK_CHANGED
FAILED /src/lib/service-clients/service-storage/generated/schemas/createTaskHandler200.ts net::ERR_NETWORK_CHANGED
FAILED /src/lib/service-clients/service-storage/generated/schemas/createTaskHandler200TeamId.ts net::ERR_NETWORK_CHANGED
FAILED /src/lib/service-clients/service-storage/generated/schemas/createTaskHandler200TeamTaskId.ts net::ERR_NETWORK_CHANGED
FAILED /src/lib/service-clients/service-storage/generated/schemas/createTaskRequest.ts net::ERR_NETWORK_CHANGED
FAILED /src/lib/service-clients/service-storage/generated/schemas/createTaskRequestMarkdown.ts net::ERR_NETWORK_CHANGED
FAILED /src/lib/service-clients/service-storage/generated/schemas/createTaskRequestProjectId.ts net::ERR_NETWORK_CHANGED
FAILED /src/lib/service-clients/service-storage/generated/schemas/createTaskRequestPropertyValues.ts net::ERR_NETWORK_CHANGED
FAILED /src/lib/service-clients/service-storage/generated/schemas/createTaskRequestTeamId.ts net::ERR_NETWORK_CHANGED
FAILED /src/lib/service-clients/service-storage/generated/schemas/createTaskResponse.ts net::ERR_NETWORK_CHANGED
FAILED /src/lib/service-clients/service-storage/generated/schemas/createTaskResponseTeamId.ts net::ERR_NETWORK_CHANGED
FAILED /src/lib/service-clients/service-storage/generated/schemas/createTaskResponseTeamTaskId.ts net::ERR_NETWORK_CHANGED
FAILED /src/lib/service-clients/service-storage/generated/schemas/createUnthreadedAnchorRequest.ts net::ERR_NETWORK_CHANGED
FAILED /src/lib/service-clients/service-storage/generated/schemas/createUnthreadedAnchorRequestOneOf.ts net::ERR_NETWORK_CHANGED
FAILED /src/lib/service-clients/service-storage/generated/schemas/createUnthreadedAnchorRequestOneOfAllOf.ts net::ERR_NETWORK_CHANGED
FAILED /src/lib/service-clients/service-storage/generated/schemas/createUnthreadedAnchorRequestOneOfAllOfFileType.ts net::ERR_NETWORK_CHANGED
FAILED /src/lib/service-clients/service-storage/generated/schemas/createUnthreadedAnchorResponse.ts net::ERR_NETWORK_CHANGED
FAILED /src/lib/service-clients/service-storage/generated/schemas/createUnthreadedAnchorResponseAllOf.ts net::ERR_NETWORK_CHANGED
FAILED /src/lib/service-clients/service-storage/generated/schemas/createUnthreadedPdfAnchorRequest.ts net::ERR_NETWORK_CHANGED
FAILED /src/lib/service-clients/service-storage/generated/schemas/createUnthreadedPdfAnchorRequestOneOf.ts net::ERR_NETWORK_CHANGED
FAILED /src/lib/service-clients/service-storage/generated/schemas/createUnthreadedPdfAnchorRequestOneOfAllOf.ts net::ERR_NETWORK_CHANGED
FAILED /src/lib/service-clients/service-storage/generated/schemas/createUnthreadedPdfAnchorRequestOneOfAllOfAnchorType.ts net::ERR_NETWORK_CHANGED
FAILED /src/lib/service-clients/service-storage/generated/schemas/createUserApiKeyRequest.ts net::ERR_NETWORK_CHANGED
FAILED /src/lib/service-clients/service-storage/generated/schemas/createViewRequest.ts net::ERR_NETWORK_CHANGED
FAILED /src/lib/service-clients/service-storage/generated/schemas/createWebhookRequest.ts net::ERR_NETWORK_CHANGED
FAILED /src/lib/service-clients/service-storage/generated/schemas/createWebhookRequestHeaders.ts net::ERR_NETWORK_CHANGED
FAILED /src/lib/service-clients/service-storage/generated/schemas/createWebhookResponse.ts net::ERR_NETWORK_CHANGED
FAILED /src/lib/service-clients/service-storage/generated/schemas/createWebhookResponseDeletedAt.ts net::ERR_NETWORK_CHANGED
FAILED /src/lib/service-clients/service-storage/generated/schemas/crmComment.ts net::ERR_NETWORK_CHANGED
FAILED /src/lib/service-clients/service-storage/generated/schemas/crmCommentDeletedAt.ts net::ERR_NETWORK_CHANGED
FAILED /src/lib/service-clients/service-storage/generated/schemas/crmCommentOrder.ts net::ERR_NETWORK_CHANGED
FAILED /src/lib/service-clients/service-storage/generated/schemas/crmCommentSender.ts net::ERR_NETWORK_CHANGED
FAILED /src/lib/service-clients/service-storage/generated/schemas/crmCommentThread.ts net::ERR_NETWORK_CHANGED
FAILED /src/lib/service-clients/service-storage/generated/schemas/crmCompanyFilters.ts net::ERR_NETWORK_CHANGED
FAILED /src/lib/service-clients/service-storage/generated/schemas/crmCompanyFiltersHidden.ts net::ERR_NETWORK_CHANGED
FAILED /src/lib/service-clients/service-storage/generated/schemas/crmCompanyResponse.ts net::ERR_NETWORK_CHANGED
FAILED /src/lib/service-clients/service-storage/generated/schemas/crmCompanyResponseDescription.ts net::ERR_NETWORK_CHANGED
FAILED /src/lib/service-clients/service-storage/generated/schemas/crmCompanyResponseName.ts net::ERR_NETWORK_CHANGED
FAILED /src/lib/service-clients/service-storage/generated/schemas/crmContactResponse.ts net::ERR_NETWORK_CHANGED
FAILED /src/lib/service-clients/service-storage/generated/schemas/crmContactResponseName.ts net::ERR_NETWORK_CHANGED
FAILED /src/lib/service-clients/service-storage/generated/schemas/crmDomainResponse.ts net::ERR_NETWORK_CHANGED
FAILED /src/lib/service-clients/service-storage/generated/schemas/crmPermissionRole.ts net::ERR_NETWORK_CHANGED
FAILED /src/lib/service-clients/service-storage/generated/schemas/crmStageInput.ts net::ERR_NETWORK_CHANGED
FAILED /src/lib/service-clients/service-storage/generated/schemas/crmStageInputId.ts net::ERR_NETWORK_CHANGED
FAILED /src/lib/service-clients/service-storage/generated/schemas/crmStageResponse.ts net::ERR_NETWORK_CHANGED
FAILED /src/lib/service-clients/service-storage/generated/schemas/crmStagesResponse.ts net::ERR_NETWORK_CHANGED
FAILED /src/lib/service-clients/service-storage/generated/schemas/crmTeamSettingsResponse.ts net::ERR_NETWORK_CHANGED
FAILED /src/lib/service-clients/service-storage/generated/schemas/crmTeamSettingsResponseClosedStageIds.ts net::ERR_NETWORK_CHANGED
FAILED /src/lib/service-clients/service-storage/generated/schemas/crmTeamSettingsResponseDefaultTeamViewId.ts net::ERR_NETWORK_CHANGED
FAILED /src/lib/service-clients/service-storage/generated/schemas/crmTeamSettingsResponseLegacyStageIds.ts net::ERR_NETWORK_CHANGED
FAILED /src/lib/service-clients/service-storage/generated/schemas/crmThread.ts net::ERR_NETWORK_CHANGED
FAILED /src/lib/service-clients/service-storage/generated/schemas/crmThreadDeletedAt.ts net::ERR_NETWORK_CHANGED
FAILED /src/lib/service-clients/service-storage/generated/schemas/customSpeakerAssignment.ts net::ERR_NETWORK_CHANGED
FAILED /src/lib/service-clients/service-storage/generated/schemas/deleteAnchorInfo.ts net::ERR_NETWORK_CHANGED
FAILED /src/lib/service-clients/service-storage/generated/schemas/deleteAnchorInfoAllOf.ts net::ERR_NETWORK_CHANGED
FAILED /src/lib/service-clients/service-storage/generated/schemas/deleteCommentRequest.ts net::ERR_NETWORK_CHANGED
FAILED /src/lib/service-clients/service-storage/generated/schemas/deleteCommentRequestRemoveAnchorThreadOnly.ts net::ERR_NETWORK_CHANGED
FAILED /src/lib/service-clients/service-storage/generated/schemas/deleteCommentResponse.ts net::ERR_NETWORK_CHANGED
FAILED /src/lib/service-clients/service-storage/generated/schemas/deleteCommentResponseAnchor.ts net::ERR_NETWORK_CHANGED
FAILED /src/lib/service-clients/service-storage/generated/schemas/deleteCrmCommentResult.ts net::ERR_NETWORK_CHANGED
FAILED /src/lib/service-clients/service-storage/generated/schemas/deleteEntityMentionResponse.ts net::ERR_NETWORK_CHANGED
FAILED /src/lib/service-clients/service-storage/generated/schemas/deleteMessageParams.ts net::ERR_NETWORK_CHANGED
FAILED /src/lib/service-clients/service-storage/generated/schemas/deleteMessageQuery.ts net::ERR_NETWORK_CHANGED
FAILED /src/lib/service-clients/service-storage/generated/schemas/deleteMessageQueryNonce.ts net::ERR_NETWORK_CHANGED
FAILED /src/lib/service-clients/service-storage/generated/schemas/deleteProjectHandler200.ts net::ERR_NETWORK_CHANGED
FAILED /src/lib/service-clients/service-storage/generated/schemas/deleteProjectHandler200DataOneOf.ts net::ERR_NETWORK_CHANGED
FAILED /src/lib/service-clients/service-storage/generated/schemas/deleteThreadInfo.ts net::ERR_NETWORK_CHANGED
FAILED /src/lib/service-clients/service-storage/generated/schemas/deleteUnthreadedAnchorRequest.ts net::ERR_NETWORK_CHANGED
FAILED /src/lib/service-clients/service-storage/generated/schemas/deleteUnthreadedAnchorRequestOneOf.ts net::ERR_NETWORK_CHANGED
FAILED /src/lib/service-clients/service-storage/generated/schemas/deleteUnthreadedAnchorRequestOneOfAllOf.ts net::ERR_NETWORK_CHANGED
FAILED /src/lib/service-clients/service-storage/generated/schemas/deleteUnthreadedAnchorRequestOneOfAllOfFileType.ts net::ERR_NETWORK_CHANGED
FAILED /src/lib/service-clients/service-storage/generated/schemas/deleteUnthreadedAnchorResponse.ts net::ERR_NETWORK_CHANGED
FAILED /src/lib/service-clients/service-storage/generated/schemas/deleteUnthreadedAnchorResponseAllOf.ts net::ERR_NETWORK_CHANGED
FAILED /src/lib/service-clients/service-storage/generated/schemas/deleteUnthreadedAnchorResponseAllOfThreadId.ts net::ERR_NETWORK_CHANGED
FAILED /src/lib/service-clients/service-storage/generated/schemas/deleteUnthreadedPdfAnchorRequest.ts net::ERR_NETWORK_CHANGED
FAILED /src/lib/service-clients/service-storage/generated/schemas/deleteUnthreadedPdfAnchorRequestOneOf.ts net::ERR_NETWORK_CHANGED
FAILED /src/lib/service-clients/service-storage/generated/schemas/deleteUnthreadedPdfAnchorRequestOneOfAnchorType.ts net::ERR_NETWORK_CHANGED
FAILED /src/lib/service-clients/service-storage/generated/schemas/descriptionDocumentId.ts net::ERR_NETWORK_CHANGED
FAILED /src/lib/service-clients/service-storage/generated/schemas/documentBasic.ts net::ERR_NETWORK_CHANGED
FAILED /src/lib/service-clients/service-storage/generated/schemas/documentBasicBranchedFromId.ts net::ERR_NETWORK_CHANGED
FAILED /src/lib/service-clients/service-storage/generated/schemas/documentBasicBranchedFromVersionId.ts net::ERR_NETWORK_CHANGED
FAILED /src/lib/service-clients/service-storage/generated/schemas/documentBasicDeletedAt.ts net::ERR_NETWORK_CHANGED
FAILED /src/lib/service-clients/service-storage/generated/schemas/documentBasicDocumentFamilyId.ts net::ERR_NETWORK_CHANGED
FAILED /src/lib/service-clients/service-storage/generated/schemas/documentBasicFileType.ts net::ERR_NETWORK_CHANGED
FAILED /src/lib/service-clients/service-storage/generated/schemas/documentBasicProjectId.ts net::ERR_NETWORK_CHANGED
FAILED /src/lib/service-clients/service-storage/generated/schemas/documentBasicSubType.ts net::ERR_NETWORK_CHANGED
FAILED /src/lib/service-clients/service-storage/generated/schemas/documentContent.ts net::ERR_NETWORK_CHANGED
FAILED /src/lib/service-clients/service-storage/generated/schemas/documentContentLocation.ts net::ERR_NETWORK_CHANGED
FAILED /src/lib/service-clients/service-storage/generated/schemas/documentContentLocationProperty.ts net::ERR_NETWORK_CHANGED
FAILED /src/lib/service-clients/service-storage/generated/schemas/documentContentUploadedMetadata.ts net::ERR_NETWORK_CHANGED
FAILED /src/lib/service-clients/service-storage/generated/schemas/documentContentUploadedMetadataDocumentVersionId.ts net::ERR_NETWORK_CHANGED
FAILED /src/lib/service-clients/service-storage/generated/schemas/documentFilters.ts net::ERR_NETWORK_CHANGED
FAILED /src/lib/service-clients/service-storage/generated/schemas/documentFiltersImportance.ts net::ERR_NETWORK_CHANGED
FAILED /src/lib/service-clients/service-storage/generated/schemas/documentFiltersIsEmailAttachment.ts net::ERR_NETWORK_CHANGED
FAILED /src/lib/service-clients/service-storage/generated/schemas/documentId.ts net::ERR_NETWORK_CHANGED
FAILED /src/lib/service-clients/service-storage/generated/schemas/documentInteractionMetadata.ts net::ERR_NETWORK_CHANGED
FAILED /src/lib/service-clients/service-storage/generated/schemas/documentMetadata.ts net::ERR_NETWORK_CHANGED
FAILED /src/lib/service-clients/service-storage/generated/schemas/documentMetadataBranchedFromId.ts net::ERR_NETWORK_CHANGED
FAILED /src/lib/service-clients/service-storage/generated/schemas/documentMetadataBranchedFromVersionId.ts net::ERR_NETWORK_CHANGED
FAILED /src/lib/service-clients/service-storage/generated/schemas/documentMetadataCreatedAt.ts net::ERR_NETWORK_CHANGED
FAILED /src/lib/service-clients/service-storage/generated/schemas/documentMetadataDeletedAt.ts net::ERR_NETWORK_CHANGED
FAILED /src/lib/service-clients/service-storage/generated/schemas/documentMetadataDocumentBom.ts net::ERR_NETWORK_CHANGED
FAILED /src/lib/service-clients/service-storage/generated/schemas/documentMetadataDocumentFamilyId.ts net::ERR_NETWORK_CHANGED
FAILED /src/lib/service-clients/service-storage/generated/schemas/documentMetadataFileType.ts net::ERR_NETWORK_CHANGED
FAILED /src/lib/service-clients/service-storage/generated/schemas/documentMetadataProjectId.ts net::ERR_NETWORK_CHANGED
FAILED /src/lib/service-clients/service-storage/generated/schemas/documentMetadataProjectName.ts net::ERR_NETWORK_CHANGED
FAILED /src/lib/service-clients/service-storage/generated/schemas/documentMetadataSha.ts net::ERR_NETWORK_CHANGED
FAILED /src/lib/service-clients/service-storage/generated/schemas/documentMetadataSubType.ts net::ERR_NETWORK_CHANGED
FAILED /src/lib/service-clients/service-storage/generated/schemas/documentMetadataUpdatedAt.ts net::ERR_NETWORK_CHANGED
FAILED /src/lib/service-clients/service-storage/generated/schemas/documentMetadataWithContent.ts net::ERR_NETWORK_CHANGED
FAILED /src/lib/service-clients/service-storage/generated/schemas/documentMetadataWithContentAllOf.ts net::ERR_NETWORK_CHANGED
FAILED /src/lib/service-clients/service-storage/generated/schemas/documentMetadataWithContentAllOfTeamId.ts net::ERR_NETWORK_CHANGED
FAILED /src/lib/service-clients/service-storage/generated/schemas/documentMetadataWithContentAllOfTeamTaskId.ts net::ERR_NETWORK_CHANGED
FAILED /src/lib/service-clients/service-storage/generated/schemas/documentPermissionsToken.ts net::ERR_NETWORK_CHANGED
FAILED /src/lib/service-clients/service-storage/generated/schemas/documentPermissionsTokenRequest.ts net::ERR_NETWORK_CHANGED
FAILED /src/lib/service-clients/service-storage/generated/schemas/documentPermissionsTokenResponse.ts net::ERR_NETWORK_CHANGED
FAILED /src/lib/service-clients/service-storage/generated/schemas/documentPermissionsTokenUserId.ts net::ERR_NETWORK_CHANGED
FAILED /src/lib/service-clients/service-storage/generated/schemas/documentPreview.ts net::ERR_NETWORK_CHANGED
FAILED /src/lib/service-clients/service-storage/generated/schemas/documentPreviewData.ts net::ERR_NETWORK_CHANGED
FAILED /src/lib/service-clients/service-storage/generated/schemas/documentPreviewDataFileType.ts net::ERR_NETWORK_CHANGED
FAILED /src/lib/service-clients/service-storage/generated/schemas/documentPreviewDataSubType.ts net::ERR_NETWORK_CHANGED
FAILED /src/lib/service-clients/service-storage/generated/schemas/documentPreviewDataSubTypeOneOf.ts net::ERR_NETWORK_CHANGED
FAILED /src/lib/service-clients/service-storage/generated/schemas/documentPreviewDataSubTypeOneOfFive.ts net::ERR_NETWORK_CHANGED
FAILED /src/lib/service-clients/service-storage/generated/schemas/documentPreviewDataSubTypeOneOfFiveType.ts net::ERR_NETWORK_CHANGED
FAILED /src/lib/service-clients/service-storage/generated/schemas/documentPreviewDataSubTypeOneOfSeven.ts net::ERR_NETWORK_CHANGED
FAILED /src/lib/service-clients/service-storage/generated/schemas/documentPreviewDataSubTypeOneOfSevenType.ts net::ERR_NETWORK_CHANGED
FAILED /src/lib/service-clients/service-storage/generated/schemas/documentPreviewDataSubTypeOneOfThree.ts net::ERR_NETWORK_CHANGED
FAILED /src/lib/service-clients/service-storage/generated/schemas/documentPreviewDataSubTypeOneOfThreeType.ts net::ERR_NETWORK_CHANGED
FAILED /src/lib/service-clients/service-storage/generated/schemas/documentPreviewDataSubTypeOneOfType.ts net::ERR_NETWORK_CHANGED
FAILED /src/lib/service-clients/service-storage/generated/schemas/documentPreviewDataSubTypeProperty.ts net::ERR_NETWORK_CHANGED
FAILED /src/lib/service-clients/service-storage/generated/schemas/documentPreviewDataUpdatedAt.ts net::ERR_NETWORK_CHANGED
FAILED /src/lib/service-clients/service-storage/generated/schemas/documentPreviewOneOf.ts net::ERR_NETWORK_CHANGED
FAILED /src/lib/service-clients/service-storage/generated/schemas/documentPreviewOneOfAllOf.ts net::ERR_NETWORK_CHANGED
FAILED /src/lib/service-clients/service-storage/generated/schemas/documentPreviewOneOfAllOfType.ts net::ERR_NETWORK_CHANGED
FAILED /src/lib/service-clients/service-storage/generated/schemas/documentPreviewOneOfFour.ts net::ERR_NETWORK_CHANGED
FAILED /src/lib/service-clients/service-storage/generated/schemas/documentPreviewOneOfFourAllOf.ts net::ERR_NETWORK_CHANGED
FAILED /src/lib/service-clients/service-storage/generated/schemas/documentPreviewOneOfFourAllOfType.ts net::ERR_NETWORK_CHANGED
FAILED /src/lib/service-clients/service-storage/generated/schemas/documentPreviewOneOfSeven.ts net::ERR_NETWORK_CHANGED
FAILED /src/lib/service-clients/service-storage/generated/schemas/documentPreviewOneOfSevenAllOf.ts net::ERR_NETWORK_CHANGED
FAILED /src/lib/service-clients/service-storage/generated/schemas/documentPreviewOneOfSevenAllOfType.ts net::ERR_NETWORK_CHANGED
FAILED /src/lib/service-clients/service-storage/generated/schemas/documentPurgedMetadata.ts net::ERR_NETWORK_CHANGED
FAILED /src/lib/service-clients/service-storage/generated/schemas/documentResponse.ts net::ERR_NETWORK_CHANGED
FAILED /src/lib/service-clients/service-storage/generated/schemas/documentResponseMetadata.ts net::ERR_NETWORK_CHANGED
FAILED /src/lib/service-clients/service-storage/generated/schemas/documentResponseMetadataBranchedFromId.ts net::ERR_NETWORK_CHANGED
FAILED /src/lib/service-clients/service-storage/generated/schemas/documentResponseMetadataBranchedFromVersionId.ts net::ERR_NETWORK_CHANGED
FAILED /src/lib/service-clients/service-storage/generated/schemas/documentResponseMetadataCreatedAt.ts net::ERR_NETWORK_CHANGED
FAILED /src/lib/service-clients/service-storage/generated/schemas/documentResponseMetadataDocumentBom.ts net::ERR_NETWORK_CHANGED
FAILED /src/lib/service-clients/service-storage/generated/schemas/documentResponseMetadataDocumentFamilyId.ts net::ERR_NETWORK_CHANGED
FAILED /src/lib/service-clients/service-storage/generated/schemas/documentResponseMetadataFileType.ts net::ERR_NETWORK_CHANGED
FAILED /src/lib/service-clients/service-storage/generated/schemas/documentResponseMetadataSha.ts net::ERR_NETWORK_CHANGED
FAILED /src/lib/service-clients/service-storage/generated/schemas/documentResponseMetadataSubType.ts net::ERR_NETWORK_CHANGED
FAILED /src/lib/service-clients/service-storage/generated/schemas/documentResponseMetadataUpdatedAt.ts net::ERR_NETWORK_CHANGED
FAILED /src/lib/service-clients/service-storage/generated/schemas/documentResponseMetadataWithContent.ts net::ERR_NETWORK_CHANGED
FAILED /src/lib/service-clients/service-storage/generated/schemas/documentResponseMetadataWithContentAllOf.ts net::ERR_NETWORK_CHANGED
FAILED /src/lib/service-clients/service-storage/generated/schemas/documentResponseMetadataWithContentAllOfTeamId.ts net::ERR_NETWORK_CHANGED
FAILED /src/lib/service-clients/service-storage/generated/schemas/documentResponseMetadataWithContentAllOfTeamTaskId.ts net::ERR_NETWORK_CHANGED
FAILED /src/lib/service-clients/service-storage/generated/schemas/documentResponsePresignedUrl.ts net::ERR_NETWORK_CHANGED
FAILED /src/lib/service-clients/service-storage/generated/schemas/documentStorageServiceApiVersion.ts net::ERR_NETWORK_CHANGED
FAILED /src/lib/service-clients/service-storage/generated/schemas/documentSubType.ts net::ERR_NETWORK_CHANGED
FAILED /src/lib/service-clients/service-storage/generated/schemas/documentSyncContentUpdatedMetadata.ts net::ERR_NETWORK_CHANGED
FAILED /src/lib/service-clients/service-storage/generated/schemas/documentSyncContentUpdatedMetadataActor.ts net::ERR_NETWORK_CHANGED
FAILED /src/lib/service-clients/service-storage/generated/schemas/documentSyncContentUpdatedMetadataDocumentVersionId.ts net::ERR_NETWORK_CHANGED
FAILED /src/lib/service-clients/service-storage/generated/schemas/documentSyncContentUpdatedMetadataOnBehalfOf.ts net::ERR_NETWORK_CHANGED
FAILED /src/lib/service-clients/service-storage/generated/schemas/documentTeamShareResponse.ts net::ERR_NETWORK_CHANGED
FAILED /src/lib/service-clients/service-storage/generated/schemas/documentTeamShareResponseTeamId.ts net::ERR_NETWORK_CHANGED
FAILED /src/lib/service-clients/service-storage/generated/schemas/editAnchorRequest.ts net::ERR_NETWORK_CHANGED
FAILED /src/lib/service-clients/service-storage/generated/schemas/editAnchorRequestOneOf.ts net::ERR_NETWORK_CHANGED
FAILED /src/lib/service-clients/service-storage/generated/schemas/editAnchorRequestOneOfAllOf.ts net::ERR_NETWORK_CHANGED
FAILED /src/lib/service-clients/service-storage/generated/schemas/editAnchorRequestOneOfAllOfFileType.ts net::ERR_NETWORK_CHANGED
FAILED /src/lib/service-clients/service-storage/generated/schemas/editAnchorResponse.ts net::ERR_NETWORK_CHANGED
FAILED /src/lib/service-clients/service-storage/generated/schemas/editAnchorResponseAllOf.ts net::ERR_NETWORK_CHANGED
FAILED /src/lib/service-clients/service-storage/generated/schemas/editCallRecordRequest.ts net::ERR_NETWORK_CHANGED
FAILED /src/lib/service-clients/service-storage/generated/schemas/editCallRecordRequestCustomName.ts net::ERR_NETWORK_CHANGED
FAILED /src/lib/service-clients/service-storage/generated/schemas/editCallRecordRequestSharePermission.ts net::ERR_NETWORK_CHANGED
FAILED /src/lib/service-clients/service-storage/generated/schemas/editCallRecordRequestShareWithTeam.ts net::ERR_NETWORK_CHANGED
FAILED /src/lib/service-clients/service-storage/generated/schemas/editCallTranscriptRequest.ts net::ERR_NETWORK_CHANGED
FAILED /src/lib/service-clients/service-storage/generated/schemas/editCommentRequest.ts net::ERR_NETWORK_CHANGED
FAILED /src/lib/service-clients/service-storage/generated/schemas/editCommentRequestMentions.ts net::ERR_NETWORK_CHANGED
FAILED /src/lib/service-clients/service-storage/generated/schemas/editCommentRequestText.ts net::ERR_NETWORK_CHANGED
FAILED /src/lib/service-clients/service-storage/generated/schemas/editCommentResponse.ts net::ERR_NETWORK_CHANGED
FAILED /src/lib/service-clients/service-storage/generated/schemas/editCommentResponseAllOf.ts net::ERR_NETWORK_CHANGED
FAILED /src/lib/service-clients/service-storage/generated/schemas/editCommentResponseAllOfFileType.ts net::ERR_NETWORK_CHANGED
FAILED /src/lib/service-clients/service-storage/generated/schemas/editCommentResponseAllOfSubType.ts net::ERR_NETWORK_CHANGED
FAILED /src/lib/service-clients/service-storage/generated/schemas/editCrmCommentRequest.ts net::ERR_NETWORK_CHANGED
FAILED /src/lib/service-clients/service-storage/generated/schemas/editDocumentResponse.ts net::ERR_NETWORK_CHANGED
FAILED /src/lib/service-clients/service-storage/generated/schemas/editDocumentServiceArgs.ts net::ERR_NETWORK_CHANGED
FAILED /src/lib/service-clients/service-storage/generated/schemas/editDocumentServiceArgsDocumentName.ts net::ERR_NETWORK_CHANGED
FAILED /src/lib/service-clients/service-storage/generated/schemas/editDocumentServiceArgsFileType.ts net::ERR_NETWORK_CHANGED
FAILED /src/lib/service-clients/service-storage/generated/schemas/editDocumentServiceArgsProjectId.ts net::ERR_NETWORK_CHANGED
FAILED /src/lib/service-clients/service-storage/generated/schemas/editDocumentServiceArgsSharePermission.ts net::ERR_NETWORK_CHANGED
FAILED /src/lib/service-clients/service-storage/generated/schemas/editPdfAnchorRequest.ts net::ERR_NETWORK_CHANGED
FAILED /src/lib/service-clients/service-storage/generated/schemas/editPdfAnchorRequestOneOf.ts net::ERR_NETWORK_CHANGED
FAILED /src/lib/service-clients/service-storage/generated/schemas/editPdfAnchorRequestOneOfAllOf.ts net::ERR_NETWORK_CHANGED
FAILED /src/lib/service-clients/service-storage/generated/schemas/editPdfAnchorRequestOneOfAllOfAnchorType.ts net::ERR_NETWORK_CHANGED
FAILED /src/lib/service-clients/service-storage/generated/schemas/editPdfPlaceableCommentAnchorRequest.ts net::ERR_NETWORK_CHANGED
FAILED /src/lib/service-clients/service-storage/generated/schemas/editPdfPlaceableCommentAnchorRequestHeightPct.ts net::ERR_NETWORK_CHANGED
FAILED /src/lib/service-clients/service-storage/generated/schemas/editPdfPlaceableCommentAnchorRequestOriginalIndex.ts net::ERR_NETWORK_CHANGED
FAILED /src/lib/service-clients/service-storage/generated/schemas/editPdfPlaceableCommentAnchorRequestOriginalPage.ts net::ERR_NETWORK_CHANGED
FAILED /src/lib/service-clients/service-storage/generated/schemas/editPdfPlaceableCommentAnchorRequestPage.ts net::ERR_NETWORK_CHANGED
FAILED /src/lib/service-clients/service-storage/generated/schemas/editPdfPlaceableCommentAnchorRequestRotation.ts net::ERR_NETWORK_CHANGED
FAILED /src/lib/service-clients/service-storage/generated/schemas/editPdfPlaceableCommentAnchorRequestShouldLockOnSave.ts net::ERR_NETWORK_CHANGED
FAILED /src/lib/service-clients/service-storage/generated/schemas/editPdfPlaceableCommentAnchorRequestWasDeleted.ts net::ERR_NETWORK_CHANGED
FAILED /src/lib/service-clients/service-storage/generated/schemas/editPdfPlaceableCommentAnchorRequestWasEdited.ts net::ERR_NETWORK_CHANGED
FAILED /src/lib/service-clients/service-storage/generated/schemas/editPdfPlaceableCommentAnchorRequestWidthPct.ts net::ERR_NETWORK_CHANGED
FAILED /src/lib/service-clients/service-storage/generated/schemas/editPdfPlaceableCommentAnchorRequestXPct.ts net::ERR_NETWORK_CHANGED
FAILED /src/lib/service-clients/service-storage/generated/schemas/editPdfPlaceableCommentAnchorRequestYPct.ts net::ERR_NETWORK_CHANGED
FAILED /src/lib/service-clients/service-storage/generated/schemas/emailFilters.ts net::ERR_NETWORK_CHANGED
FAILED /src/lib/service-clients/service-storage/generated/schemas/emailFiltersCalendarOnly.ts net::ERR_NETWORK_CHANGED
FAILED /src/lib/service-clients/service-storage/generated/schemas/emailFiltersImportance.ts net::ERR_NETWORK_CHANGED
FAILED /src/lib/service-clients/service-storage/generated/schemas/emailFiltersIsRead.ts net::ERR_NETWORK_CHANGED
FAILED /src/lib/service-clients/service-storage/generated/schemas/emptyResponse.ts net::ERR_NETWORK_CHANGED
FAILED /src/lib/service-clients/service-storage/generated/schemas/ensureCollabSurfaceRequest.ts net::ERR_NETWORK_CHANGED
FAILED /src/lib/service-clients/service-storage/generated/schemas/ensureCollabSurfaceRequestParentEntityType.ts net::ERR_NETWORK_CHANGED
FAILED /src/lib/service-clients/service-storage/generated/schemas/entityFilters.ts net::ERR_NETWORK_CHANGED
FAILED /src/lib/service-clients/service-storage/generated/schemas/entityMessageDeleteMessageParams.ts net::ERR_NETWORK_CHANGED
FAILED /src/lib/service-clients/service-storage/generated/schemas/entityMessageDeleteThreadParams.ts net::ERR_NETWORK_CHANGED
FAILED /src/lib/service-clients/service-storage/generated/schemas/entityMessageLegacyParams.ts net::ERR_NETWORK_CHANGED
FAILED /src/lib/service-clients/service-storage/generated/schemas/entityMessageReferencesParams.ts net::ERR_NETWORK_CHANGED
FAILED /src/lib/service-clients/service-storage/generated/schemas/entityPermission.ts net::ERR_NETWORK_CHANGED
FAILED /src/lib/service-clients/service-storage/generated/schemas/entityPermissionOneOf.ts net::ERR_NETWORK_CHANGED
FAILED /src/lib/service-clients/service-storage/generated/schemas/entityPermissionOneOfFive.ts net::ERR_NETWORK_CHANGED
FAILED /src/lib/service-clients/service-storage/generated/schemas/entityPermissionOneOfFiveType.ts net::ERR_NETWORK_CHANGED
FAILED /src/lib/service-clients/service-storage/generated/schemas/entityPermissionOneOfSeven.ts net::ERR_NETWORK_CHANGED
FAILED /src/lib/service-clients/service-storage/generated/schemas/entityPermissionOneOfSevenType.ts net::ERR_NETWORK_CHANGED
FAILED /src/lib/service-clients/service-storage/generated/schemas/entityPermissionOneOfThree.ts net::ERR_NETWORK_CHANGED
FAILED /src/lib/service-clients/service-storage/generated/schemas/entityPermissionOneOfThreeType.ts net::ERR_NETWORK_CHANGED
FAILED /src/lib/service-clients/service-storage/generated/schemas/entityPermissionOneOfType.ts net::ERR_NETWORK_CHANGED
FAILED /src/lib/service-clients/service-storage/generated/schemas/entityPermissionResponse.ts net::ERR_NETWORK_CHANGED
FAILED /src/lib/service-clients/service-storage/generated/schemas/entityPermissionResponseOneOf.ts net::ERR_NETWORK_CHANGED
FAILED /src/lib/service-clients/service-storage/generated/schemas/entityPermissionResponseOneOfStatus.ts net::ERR_NETWORK_CHANGED
FAILED /src/lib/service-clients/service-storage/generated/schemas/entityPermissionResponseOneOfThree.ts net::ERR_NETWORK_CHANGED
FAILED /src/lib/service-clients/service-storage/generated/schemas/entityPermissionResponseOneOfThreeStatus.ts net::ERR_NETWORK_CHANGED
FAILED /src/lib/service-clients/service-storage/generated/schemas/entityReference.ts net::ERR_NETWORK_CHANGED
FAILED /src/lib/service-clients/service-storage/generated/schemas/entityReferenceSpecificMessageId.ts net::ERR_NETWORK_CHANGED
FAILED /src/lib/service-clients/service-storage/generated/schemas/errorResponse.ts net::ERR_NETWORK_CHANGED
FAILED /src/lib/service-clients/service-storage/generated/schemas/eventReminderOverride.ts net::ERR_NETWORK_CHANGED
FAILED /src/lib/service-clients/service-storage/generated/schemas/eventReminders.ts net::ERR_NETWORK_CHANGED
FAILED /src/lib/service-clients/service-storage/generated/schemas/eventStatus.ts net::ERR_NETWORK_CHANGED
FAILED /src/lib/service-clients/service-storage/generated/schemas/eventTime.ts net::ERR_NETWORK_CHANGED
FAILED /src/lib/service-clients/service-storage/generated/schemas/eventTimeOneOf.ts net::ERR_NETWORK_CHANGED
FAILED /src/lib/service-clients/service-storage/generated/schemas/eventTimeOneOfFour.ts net::ERR_NETWORK_CHANGED
FAILED /src/lib/service-clients/service-storage/generated/schemas/eventTimeOneOfFourKind.ts net::ERR_NETWORK_CHANGED
FAILED /src/lib/service-clients/service-storage/generated/schemas/eventTimeOneOfKind.ts net::ERR_NETWORK_CHANGED
FAILED /src/lib/service-clients/service-storage/generated/schemas/eventTimeOneOfTimeZone.ts net::ERR_NETWORK_CHANGED
FAILED /src/lib/service-clients/service-storage/generated/schemas/eventTransparency.ts net::ERR_NETWORK_CHANGED
FAILED /src/lib/service-clients/service-storage/generated/schemas/eventType.ts net::ERR_NETWORK_CHANGED
FAILED /src/lib/service-clients/service-storage/generated/schemas/eventVisibility.ts net::ERR_NETWORK_CHANGED
FAILED /src/lib/service-clients/service-storage/generated/schemas/excludeDefaultViewRequest.ts net::ERR_NETWORK_CHANGED
FAILED /src/lib/service-clients/service-storage/generated/schemas/excludedDefaultView.ts net::ERR_NETWORK_CHANGED
FAILED /src/lib/service-clients/service-storage/generated/schemas/exportDocumentResponse.ts net::ERR_NETWORK_CHANGED
FAILED /src/lib/service-clients/service-storage/generated/schemas/favorite.ts net::ERR_NETWORK_CHANGED
FAILED /src/lib/service-clients/service-storage/generated/schemas/favoriteChannelId.ts net::ERR_NETWORK_CHANGED
FAILED /src/lib/service-clients/service-storage/generated/schemas/favoriteChannelType.ts net::ERR_NETWORK_CHANGED
FAILED /src/lib/service-clients/service-storage/generated/schemas/favoriteDocumentSubType.ts net::ERR_NETWORK_CHANGED
FAILED /src/lib/service-clients/service-storage/generated/schemas/favoriteEntityRef.ts net::ERR_NETWORK_CHANGED
FAILED /src/lib/service-clients/service-storage/generated/schemas/favoriteEntityRefEntityType.ts net::ERR_NETWORK_CHANGED
FAILED /src/lib/service-clients/service-storage/generated/schemas/favoriteEntityType.ts net::ERR_NETWORK_CHANGED
FAILED /src/lib/service-clients/service-storage/generated/schemas/favoriteFileType.ts net::ERR_NETWORK_CHANGED
FAILED /src/lib/service-clients/service-storage/generated/schemas/favoritesList.ts net::ERR_NETWORK_CHANGED
FAILED /src/lib/service-clients/service-storage/generated/schemas/fileSystemNodeWithIds.ts net::ERR_NETWORK_CHANGED
FAILED /src/lib/service-clients/service-storage/generated/schemas/fileSystemNodeWithIdsOneOf.ts net::ERR_NETWORK_CHANGED
FAILED /src/lib/service-clients/service-storage/generated/schemas/fileSystemNodeWithIdsOneOfThree.ts net::ERR_NETWORK_CHANGED
FAILED /src/lib/service-clients/service-storage/generated/schemas/fileSystemNodeWithIdsOneOfThreeContent.ts net::ERR_NETWORK_CHANGED
FAILED /src/lib/service-clients/service-storage/generated/schemas/fileSystemNodeWithIdsOneOfThreeType.ts net::ERR_NETWORK_CHANGED
FAILED /src/lib/service-clients/service-storage/generated/schemas/fileSystemNodeWithIdsOneOfType.ts net::ERR_NETWORK_CHANGED
FAILED /src/lib/service-clients/service-storage/generated/schemas/fileTypeUpdate.ts net::ERR_NETWORK_CHANGED
FAILED /src/lib/service-clients/service-storage/generated/schemas/fileTypeUpdateOneOf.ts net::ERR_NETWORK_CHANGED
FAILED /src/lib/service-clients/service-storage/generated/schemas/folderItem.ts net::ERR_NETWORK_CHANGED
FAILED /src/lib/service-clients/service-storage/generated/schemas/folderItemFileType.ts net::ERR_NETWORK_CHANGED
FAILED /src/lib/service-clients/service-storage/generated/schemas/foreignEntity.ts net::ERR_NETWORK_CHANGED
FAILED /src/lib/service-clients/service-storage/generated/schemas/foreignEntityFilters.ts net::ERR_NETWORK_CHANGED
FAILED /src/lib/service-clients/service-storage/generated/schemas/genericErrorResponse.ts net::ERR_NETWORK_CHANGED
FAILED /src/lib/service-clients/service-storage/generated/schemas/genericResponse.ts net::ERR_NETWORK_CHANGED
FAILED /src/lib/service-clients/service-storage/generated/schemas/genericResponseMessage.ts net::ERR_NETWORK_CHANGED
FAILED /src/lib/service-clients/service-storage/generated/schemas/genericSuccessResponse.ts net::ERR_NETWORK_CHANGED
FAILED /src/lib/service-clients/service-storage/generated/schemas/getAttachmentReferencesResponse.ts net::ERR_NETWORK_CHANGED
FAILED /src/lib/service-clients/service-storage/generated/schemas/getBatchCallRecordPreviewRequest.ts net::ERR_NETWORK_CHANGED
FAILED /src/lib/service-clients/service-storage/generated/schemas/getBatchCallRecordPreviewResponse.ts net::ERR_NETWORK_CHANGED
FAILED /src/lib/service-clients/service-storage/generated/schemas/getBatchChannelPreviewRequest.ts net::ERR_NETWORK_CHANGED
FAILED /src/lib/service-clients/service-storage/generated/schemas/getBatchChannelPreviewResponse.ts net::ERR_NETWORK_CHANGED
FAILED /src/lib/service-clients/service-storage/generated/schemas/getBatchPreviewRequest.ts net::ERR_NETWORK_CHANGED
FAILED /src/lib/service-clients/service-storage/generated/schemas/getBatchPreviewResponse.ts net::ERR_NETWORK_CHANGED
FAILED /src/lib/service-clients/service-storage/generated/schemas/getBatchProjectPreviewRequest.ts net::ERR_NETWORK_CHANGED
FAILED /src/lib/service-clients/service-storage/generated/schemas/getBatchProjectPreviewResponse.ts net::ERR_NETWORK_CHANGED
FAILED /src/lib/service-clients/service-storage/generated/schemas/getChannelAttachmentsParams.ts net::ERR_NETWORK_CHANGED
FAILED /src/lib/service-clients/service-storage/generated/schemas/getChannelMessagesCatchUpParams.ts net::ERR_NETWORK_CHANGED
FAILED /src/lib/service-clients/service-storage/generated/schemas/getChannelMessagesParams.ts net::ERR_NETWORK_CHANGED
FAILED /src/lib/service-clients/service-storage/generated/schemas/getChannelParams.ts net::ERR_NETWORK_CHANGED
FAILED /src/lib/service-clients/service-storage/generated/schemas/getChannelsParams.ts net::ERR_NETWORK_CHANGED
FAILED /src/lib/service-clients/service-storage/generated/schemas/getContactByEmailParams.ts net::ERR_NETWORK_CHANGED
FAILED /src/lib/service-clients/service-storage/generated/schemas/getContactByEmailResponse.ts net::ERR_NETWORK_CHANGED
FAILED /src/lib/service-clients/service-storage/generated/schemas/getContactByEmailResponseContact.ts net::ERR_NETWORK_CHANGED
FAILED /src/lib/service-clients/service-storage/generated/schemas/getDocumentKeyResponse.ts net::ERR_NETWORK_CHANGED
FAILED /src/lib/service-clients/service-storage/generated/schemas/getDocumentKeyResponseData.ts net::ERR_NETWORK_CHANGED
FAILED /src/lib/service-clients/service-storage/generated/schemas/getDocumentListResult.ts net::ERR_NETWORK_CHANGED
FAILED /src/lib/service-clients/service-storage/generated/schemas/getDocumentListResultBranchedFromId.ts net::ERR_NETWORK_CHANGED
FAILED /src/lib/service-clients/service-storage/generated/schemas/getDocumentListResultBranchedFromVersionId.ts net::ERR_NETWORK_CHANGED
FAILED /src/lib/service-clients/service-storage/generated/schemas/getDocumentListResultCreatedAt.ts net::ERR_NETWORK_CHANGED
FAILED /src/lib/service-clients/service-storage/generated/schemas/getDocumentListResultDocumentFamilyId.ts net::ERR_NETWORK_CHANGED
FAILED /src/lib/service-clients/service-storage/generated/schemas/getDocumentListResultFileType.ts net::ERR_NETWORK_CHANGED
FAILED /src/lib/service-clients/service-storage/generated/schemas/getDocumentListResultUpdatedAt.ts net::ERR_NETWORK_CHANGED
FAILED /src/lib/service-clients/service-storage/generated/schemas/getDocumentLocationV3Params.ts net::ERR_NETWORK_CHANGED
FAILED /src/lib/service-clients/service-storage/generated/schemas/getDocumentPermissionsResponseDataV2.ts net::ERR_NETWORK_CHANGED
FAILED /src/lib/service-clients/service-storage/generated/schemas/getDocumentProcessingResult.ts net::ERR_NETWORK_CHANGED
FAILED /src/lib/service-clients/service-storage/generated/schemas/getDocumentProcessingResultResponse.ts net::ERR_NETWORK_CHANGED
FAILED /src/lib/service-clients/service-storage/generated/schemas/getDocumentProcessingResultResponseData.ts net::ERR_NETWORK_CHANGED
FAILED /src/lib/service-clients/service-storage/generated/schemas/getDocumentProcessingResultResponseMessage.ts net::ERR_NETWORK_CHANGED
FAILED /src/lib/service-clients/service-storage/generated/schemas/getDocumentResponse.ts net::ERR_NETWORK_CHANGED
FAILED /src/lib/service-clients/service-storage/generated/schemas/getDocumentResponseData.ts net::ERR_NETWORK_CHANGED
FAILED /src/lib/service-clients/service-storage/generated/schemas/getDocumentResponseDataViewLocation.ts net::ERR_NETWORK_CHANGED
FAILED /src/lib/service-clients/service-storage/generated/schemas/getDocumentSearchResponse.ts net::ERR_NETWORK_CHANGED
FAILED /src/lib/service-clients/service-storage/generated/schemas/getDocumentsResponse.ts net::ERR_NETWORK_CHANGED
FAILED /src/lib/service-clients/service-storage/generated/schemas/getDocumentsResponseData.ts net::ERR_NETWORK_CHANGED
FAILED /src/lib/service-clients/service-storage/generated/schemas/getDocumentsResponseMessage.ts net::ERR_NETWORK_CHANGED
FAILED /src/lib/service-clients/service-storage/generated/schemas/getDocumentUserAccessLevelResponse.ts net::ERR_NETWORK_CHANGED
FAILED /src/lib/service-clients/service-storage/generated/schemas/getInstructionsDocumentResponse.ts net::ERR_NETWORK_CHANGED
FAILED /src/lib/service-clients/service-storage/generated/schemas/getItemsSoupParams.ts net::ERR_NETWORK_CHANGED
FAILED /src/lib/service-clients/service-storage/generated/schemas/getLocationHandlerParams.ts net::ERR_NETWORK_CHANGED
FAILED /src/lib/service-clients/service-storage/generated/schemas/getMessageWithContextParams.ts net::ERR_NETWORK_CHANGED
FAILED /src/lib/service-clients/service-storage/generated/schemas/getMessageWithContextResponse.ts net::ERR_NETWORK_CHANGED
FAILED /src/lib/service-clients/service-storage/generated/schemas/getOrCreateAction.ts net::ERR_NETWORK_CHANGED
FAILED /src/lib/service-clients/service-storage/generated/schemas/getOrCreateChannelResponse.ts net::ERR_NETWORK_CHANGED
FAILED /src/lib/service-clients/service-storage/generated/schemas/getOrCreateDmRequest.ts net::ERR_NETWORK_CHANGED
FAILED /src/lib/service-clients/service-storage/generated/schemas/getOrCreatePrivateRequest.ts net::ERR_NETWORK_CHANGED
FAILED /src/lib/service-clients/service-storage/generated/schemas/getPendingProjectsHandler200.ts net::ERR_NETWORK_CHANGED
FAILED /src/lib/service-clients/service-storage/generated/schemas/getPendingProjectsHandler200DataOneOfItem.ts net::ERR_NETWORK_CHANGED
FAILED /src/lib/service-clients/service-storage/generated/schemas/getPendingProjectsHandler200DataOneOfItemAllOf.ts net::ERR_NETWORK_CHANGED
FAILED /src/lib/service-clients/service-storage/generated/schemas/getPinsResponse.ts net::ERR_NETWORK_CHANGED
FAILED /src/lib/service-clients/service-storage/generated/schemas/getPinsResponseData.ts net::ERR_NETWORK_CHANGED
FAILED /src/lib/service-clients/service-storage/generated/schemas/getProjectContentResponse.ts net::ERR_NETWORK_CHANGED
FAILED /src/lib/service-clients/service-storage/generated/schemas/getProjectResponse.ts net::ERR_NETWORK_CHANGED
FAILED /src/lib/service-clients/service-storage/generated/schemas/getProjectResponseData.ts net::ERR_NETWORK_CHANGED
FAILED /src/lib/service-clients/service-storage/generated/schemas/getProjectsResponse.ts net::ERR_NETWORK_CHANGED
FAILED /src/lib/service-clients/service-storage/generated/schemas/getSystemSkillsHandler200.ts net::ERR_NETWORK_CHANGED
FAILED /src/lib/service-clients/service-storage/generated/schemas/getUserDocumentsHandlerParams.ts net::ERR_NETWORK_CHANGED
FAILED /src/lib/service-clients/service-storage/generated/schemas/getUserHistoryResponse.ts net::ERR_NETWORK_CHANGED
FAILED /src/lib/service-clients/service-storage/generated/schemas/githubPullRequest.ts net::ERR_NETWORK_CHANGED
FAILED /src/lib/service-clients/service-storage/generated/schemas/githubPullRequestAdditions.ts net::ERR_NETWORK_CHANGED
FAILED /src/lib/service-clients/service-storage/generated/schemas/githubPullRequestCheckRun.ts net::ERR_NETWORK_CHANGED
FAILED /src/lib/service-clients/service-storage/generated/schemas/githubPullRequestCheckRunCompletedAt.ts net::ERR_NETWORK_CHANGED
FAILED /src/lib/service-clients/service-storage/generated/schemas/githubPullRequestCheckRunConclusion.ts net::ERR_NETWORK_CHANGED
FAILED /src/lib/service-clients/service-storage/generated/schemas/githubPullRequestCheckRunStartedAt.ts net::ERR_NETWORK_CHANGED
FAILED /src/lib/service-clients/service-storage/generated/schemas/githubPullRequestCheckRunUrl.ts net::ERR_NETWORK_CHANGED
FAILED /src/lib/service-clients/service-storage/generated/schemas/githubPullRequestChecks.ts net::ERR_NETWORK_CHANGED
FAILED /src/lib/service-clients/service-storage/generated/schemas/githubPullRequestComment.ts net::ERR_NETWORK_CHANGED
FAILED /src/lib/service-clients/service-storage/generated/schemas/githubPullRequestCommentAuthorAssociation.ts net::ERR_NETWORK_CHANGED
FAILED /src/lib/service-clients/service-storage/generated/schemas/githubPullRequestCommentAuthorLogin.ts net::ERR_NETWORK_CHANGED
FAILED /src/lib/service-clients/service-storage/generated/schemas/githubPullRequestCommentCreatedAt.ts net::ERR_NETWORK_CHANGED
FAILED /src/lib/service-clients/service-storage/generated/schemas/githubPullRequestCommentInReplyToId.ts net::ERR_NETWORK_CHANGED
FAILED /src/lib/service-clients/service-storage/generated/schemas/githubPullRequestCommentLine.ts net::ERR_NETWORK_CHANGED
FAILED /src/lib/service-clients/service-storage/generated/schemas/githubPullRequestCommentOriginalLine.ts net::ERR_NETWORK_CHANGED
FAILED /src/lib/service-clients/service-storage/generated/schemas/githubPullRequestCommentPath.ts net::ERR_NETWORK_CHANGED
FAILED /src/lib/service-clients/service-storage/generated/schemas/githubPullRequestCommentPullRequestReviewId.ts net::ERR_NETWORK_CHANGED
FAILED /src/lib/service-clients/service-storage/generated/schemas/githubPullRequestComments.ts net::ERR_NETWORK_CHANGED
FAILED /src/lib/service-clients/service-storage/generated/schemas/githubPullRequestCommentUpdatedAt.ts net::ERR_NETWORK_CHANGED
FAILED /src/lib/service-clients/service-storage/generated/schemas/githubPullRequestCommentUrl.ts net::ERR_NETWORK_CHANGED
FAILED /src/lib/service-clients/service-storage/generated/schemas/githubPullRequestDeletions.ts net::ERR_NETWORK_CHANGED
FAILED /src/lib/service-clients/service-storage/generated/schemas/githubPullRequestForeignEntityId.ts net::ERR_NETWORK_CHANGED
FAILED /src/lib/service-clients/service-storage/generated/schemas/githubPullRequestName.ts net::ERR_NETWORK_CHANGED
FAILED /src/lib/service-clients/service-storage/generated/schemas/githubPullRequestStatus.ts net::ERR_NETWORK_CHANGED
FAILED /src/lib/service-clients/service-storage/generated/schemas/githubPullRequestsResponse.ts net::ERR_NETWORK_CHANGED
FAILED /src/lib/service-clients/service-storage/generated/schemas/groupedInitialParams.ts net::ERR_NETWORK_CHANGED
FAILED /src/lib/service-clients/service-storage/generated/schemas/groupedInitialParamsPerGroupLimit.ts net::ERR_NETWORK_CHANGED
FAILED /src/lib/service-clients/service-storage/generated/schemas/groupedInitialParamsSortMethod.ts net::ERR_NETWORK_CHANGED
FAILED /src/lib/service-clients/service-storage/generated/schemas/groupedPageParams.ts net::ERR_NETWORK_CHANGED
FAILED /src/lib/service-clients/service-storage/generated/schemas/groupedPageParamsLimit.ts net::ERR_NETWORK_CHANGED
FAILED /src/lib/service-clients/service-storage/generated/schemas/groupedPageParamsSortMethod.ts net::ERR_NETWORK_CHANGED
FAILED /src/lib/service-clients/service-storage/generated/schemas/groupedSoupGroupPage.ts net::ERR_NETWORK_CHANGED
FAILED /src/lib/service-clients/service-storage/generated/schemas/groupedSoupGroupPageItems.ts net::ERR_NETWORK_CHANGED
FAILED /src/lib/service-clients/service-storage/generated/schemas/groupedSoupInitialPage.ts net::ERR_NETWORK_CHANGED
FAILED /src/lib/service-clients/service-storage/generated/schemas/groupedSoupInitialPageItems.ts net::ERR_NETWORK_CHANGED
FAILED /src/lib/service-clients/service-storage/generated/schemas/groupedSoupPage.ts net::ERR_NETWORK_CHANGED
FAILED /src/lib/service-clients/service-storage/generated/schemas/groupedSoupPageOneOf.ts net::ERR_NETWORK_CHANGED
FAILED /src/lib/service-clients/service-storage/generated/schemas/groupedSoupPageOneOfAllOf.ts net::ERR_NETWORK_CHANGED
FAILED /src/lib/service-clients/service-storage/generated/schemas/groupedSoupPageOneOfAllOfMode.ts net::ERR_NETWORK_CHANGED
FAILED /src/lib/service-clients/service-storage/generated/schemas/groupedSoupPageOneOfFour.ts net::ERR_NETWORK_CHANGED
FAILED /src/lib/service-clients/service-storage/generated/schemas/groupedSoupPageOneOfFourAllOf.ts net::ERR_NETWORK_CHANGED
FAILED /src/lib/service-clients/service-storage/generated/schemas/groupedSoupPageOneOfFourAllOfMode.ts net::ERR_NETWORK_CHANGED
FAILED /src/lib/service-clients/service-storage/generated/schemas/groupedSoupSort.ts net::ERR_NETWORK_CHANGED
FAILED /src/lib/service-clients/service-storage/generated/schemas/harness.ts net::ERR_NETWORK_CHANGED
FAILED /src/lib/service-clients/service-storage/generated/schemas/harnessAgent.ts net::ERR_NETWORK_CHANGED
FAILED /src/lib/service-clients/service-storage/generated/schemas/harnessId.ts net::ERR_NETWORK_CHANGED
FAILED /src/lib/service-clients/service-storage/generated/schemas/harnessLastConnectedAt.ts net::ERR_NETWORK_CHANGED
FAILED /src/lib/service-clients/service-storage/generated/schemas/harnessOwner.ts net::ERR_NETWORK_CHANGED
FAILED /src/lib/service-clients/service-storage/generated/schemas/harnessOwnerOneOf.ts net::ERR_NETWORK_CHANGED
FAILED /src/lib/service-clients/service-storage/generated/schemas/harnessOwnerOneOfThree.ts net::ERR_NETWORK_CHANGED
FAILED /src/lib/service-clients/service-storage/generated/schemas/harnessOwnerOneOfThreeType.ts net::ERR_NETWORK_CHANGED
FAILED /src/lib/service-clients/service-storage/generated/schemas/harnessOwnerOneOfType.ts net::ERR_NETWORK_CHANGED
FAILED /src/lib/service-clients/service-storage/generated/schemas/harnessSession.ts net::ERR_NETWORK_CHANGED
FAILED /src/lib/service-clients/service-storage/generated/schemas/hashMap.ts net::ERR_NETWORK_CHANGED
FAILED /src/lib/service-clients/service-storage/generated/schemas/hashMapOneOf.ts net::ERR_NETWORK_CHANGED
FAILED /src/lib/service-clients/service-storage/generated/schemas/hashMapOneOfAllOf.ts net::ERR_NETWORK_CHANGED
FAILED /src/lib/service-clients/service-storage/generated/schemas/hashMapOneOfAllOfType.ts net::ERR_NETWORK_CHANGED
FAILED /src/lib/service-clients/service-storage/generated/schemas/hashMapOneOfFour.ts net::ERR_NETWORK_CHANGED
FAILED /src/lib/service-clients/service-storage/generated/schemas/hashMapOneOfFourAllOf.ts net::ERR_NETWORK_CHANGED
FAILED /src/lib/service-clients/service-storage/generated/schemas/hashMapOneOfFourAllOfType.ts net::ERR_NETWORK_CHANGED
FAILED /src/lib/service-clients/service-storage/generated/schemas/highlightType.ts net::ERR_NETWORK_CHANGED
FAILED /src/lib/service-clients/service-storage/generated/schemas/importedAuthor.ts net::ERR_NETWORK_CHANGED
FAILED /src/lib/service-clients/service-storage/generated/schemas/inFlightTurnSummary.ts net::ERR_NETWORK_CHANGED
FAILED /src/lib/service-clients/service-storage/generated/schemas/inFlightTurnSummaryActor.ts net::ERR_NETWORK_CHANGED
FAILED /src/lib/service-clients/service-storage/generated/schemas/inFlightTurnSummaryAnnouncementMessageId.ts net::ERR_NETWORK_CHANGED
FAILED /src/lib/service-clients/service-storage/generated/schemas/initiativeDetail.ts net::ERR_NETWORK_CHANGED
FAILED /src/lib/service-clients/service-storage/generated/schemas/initiativeId.ts net::ERR_NETWORK_CHANGED
FAILED /src/lib/service-clients/service-storage/generated/schemas/initiativeList.ts net::ERR_NETWORK_CHANGED
FAILED /src/lib/service-clients/service-storage/generated/schemas/initiativeSummary.ts net::ERR_NETWORK_CHANGED
FAILED /src/lib/service-clients/service-storage/generated/schemas/inputReceivedMetadata.ts net::ERR_NETWORK_CHANGED
FAILED /src/lib/service-clients/service-storage/generated/schemas/interactionReason.ts net::ERR_NETWORK_CHANGED
FAILED /src/lib/service-clients/service-storage/generated/schemas/item.ts net::ERR_NETWORK_CHANGED
FAILED /src/lib/service-clients/service-storage/generated/schemas/itemWithUserAccessLevel.ts net::ERR_NETWORK_CHANGED
FAILED /src/lib/service-clients/service-storage/generated/schemas/latestMessage.ts net::ERR_NETWORK_CHANGED
FAILED /src/lib/service-clients/service-storage/generated/schemas/latestMessageLatestMessage.ts net::ERR_NETWORK_CHANGED
FAILED /src/lib/service-clients/service-storage/generated/schemas/latestMessageLatestNonThreadMessage.ts net::ERR_NETWORK_CHANGED
FAILED /src/lib/service-clients/service-storage/generated/schemas/leaveCallResponse.ts net::ERR_NETWORK_CHANGED
FAILED /src/lib/service-clients/service-storage/generated/schemas/linkShare.ts net::ERR_NETWORK_CHANGED
FAILED /src/lib/service-clients/service-storage/generated/schemas/listFavoritesEntityTypeItem.ts net::ERR_NETWORK_CHANGED
FAILED /src/lib/service-clients/service-storage/generated/schemas/listFavoritesParams.ts net::ERR_NETWORK_CHANGED
FAILED /src/lib/service-clients/service-storage/generated/schemas/listOccurrencesParams.ts net::ERR_NETWORK_CHANGED
FAILED /src/lib/service-clients/service-storage/generated/schemas/listRemindersEntityTypeItem.ts net::ERR_NETWORK_CHANGED
FAILED /src/lib/service-clients/service-storage/generated/schemas/listRemindersParams.ts net::ERR_NETWORK_CHANGED
FAILED /src/lib/service-clients/service-storage/generated/schemas/listTeamOutOfOfficeParams.ts net::ERR_NETWORK_CHANGED
FAILED /src/lib/service-clients/service-storage/generated/schemas/listWebhooksResponse.ts net::ERR_NETWORK_CHANGED
FAILED /src/lib/service-clients/service-storage/generated/schemas/locationResponseData.ts net::ERR_NETWORK_CHANGED
FAILED /src/lib/service-clients/service-storage/generated/schemas/locationResponseDataOneOf.ts net::ERR_NETWORK_CHANGED
FAILED /src/lib/service-clients/service-storage/generated/schemas/locationResponseDataOneOfTwo.ts net::ERR_NETWORK_CHANGED
FAILED /src/lib/service-clients/service-storage/generated/schemas/locationResponseV3.ts net::ERR_NETWORK_CHANGED
FAILED /src/lib/service-clients/service-storage/generated/schemas/locationResponseV3OneOf.ts net::ERR_NETWORK_CHANGED
FAILED /src/lib/service-clients/service-storage/generated/schemas/locationResponseV3OneOfFive.ts net::ERR_NETWORK_CHANGED
FAILED /src/lib/service-clients/service-storage/generated/schemas/locationResponseV3OneOfFiveType.ts net::ERR_NETWORK_CHANGED
FAILED /src/lib/service-clients/service-storage/generated/schemas/locationResponseV3OneOfThree.ts net::ERR_NETWORK_CHANGED
FAILED /src/lib/service-clients/service-storage/generated/schemas/locationResponseV3OneOfThreeType.ts net::ERR_NETWORK_CHANGED
FAILED /src/lib/service-clients/service-storage/generated/schemas/locationResponseV3OneOfType.ts net::ERR_NETWORK_CHANGED
FAILED /src/lib/service-clients/service-storage/generated/schemas/macroUserIdStr.ts net::ERR_NETWORK_CHANGED
FAILED /src/lib/service-clients/service-storage/generated/schemas/mentions.ts net::ERR_NETWORK_CHANGED
FAILED /src/lib/service-clients/service-storage/generated/schemas/message.ts net::ERR_NETWORK_CHANGED
FAILED /src/lib/service-clients/service-storage/generated/schemas/messageAttachment.ts net::ERR_NETWORK_CHANGED
FAILED /src/lib/service-clients/service-storage/generated/schemas/messageAttachmentHeight.ts net::ERR_NETWORK_CHANGED
FAILED /src/lib/service-clients/service-storage/generated/schemas/messageAttachmentWidth.ts net::ERR_NETWORK_CHANGED
FAILED /src/lib/service-clients/service-storage/generated/schemas/messageBotProfile.ts net::ERR_NETWORK_CHANGED
FAILED /src/lib/service-clients/service-storage/generated/schemas/messageChange.ts net::ERR_NETWORK_CHANGED
FAILED /src/lib/service-clients/service-storage/generated/schemas/messageChangeOneOf.ts net::ERR_NETWORK_CHANGED
FAILED /src/lib/service-clients/service-storage/generated/schemas/messageChangeOneOfFive.ts net::ERR_NETWORK_CHANGED
FAILED /src/lib/service-clients/service-storage/generated/schemas/messageChangeOneOfFiveType.ts net::ERR_NETWORK_CHANGED
FAILED /src/lib/service-clients/service-storage/generated/schemas/messageChangeOneOfNine.ts net::ERR_NETWORK_CHANGED
FAILED /src/lib/service-clients/service-storage/generated/schemas/messageChangeOneOfNineType.ts net::ERR_NETWORK_CHANGED
FAILED /src/lib/service-clients/service-storage/generated/schemas/messageChangeOneOfOneone.ts net::ERR_NETWORK_CHANGED
FAILED /src/lib/service-clients/service-storage/generated/schemas/messageChangeOneOfOneoneThreadId.ts net::ERR_NETWORK_CHANGED
FAILED /src/lib/service-clients/service-storage/generated/schemas/messageChangeOneOfOneoneType.ts net::ERR_NETWORK_CHANGED
FAILED /src/lib/service-clients/service-storage/generated/schemas/messageChangeOneOfSeven.ts net::ERR_NETWORK_CHANGED
FAILED /src/lib/service-clients/service-storage/generated/schemas/messageChangeOneOfSevenType.ts net::ERR_NETWORK_CHANGED
FAILED /src/lib/service-clients/service-storage/generated/schemas/messageChangeOneOfThree.ts net::ERR_NETWORK_CHANGED
FAILED /src/lib/service-clients/service-storage/generated/schemas/messageChangeOneOfThreeType.ts net::ERR_NETWORK_CHANGED
FAILED /src/lib/service-clients/service-storage/generated/schemas/messageChangeOneOfType.ts net::ERR_NETWORK_CHANGED
FAILED /src/lib/service-clients/service-storage/generated/schemas/messageCursor.ts net::ERR_NETWORK_CHANGED
FAILED /src/lib/service-clients/service-storage/generated/schemas/messageDeletedAt.ts net::ERR_NETWORK_CHANGED
FAILED /src/lib/service-clients/service-storage/generated/schemas/messageDirection.ts net::ERR_NETWORK_CHANGED
FAILED /src/lib/service-clients/service-storage/generated/schemas/messageEditedAt.ts net::ERR_NETWORK_CHANGED
FAILED /src/lib/service-clients/service-storage/generated/schemas/messageEvent.ts net::ERR_NETWORK_CHANGED
FAILED /src/lib/service-clients/service-storage/generated/schemas/messageEventNonce.ts net::ERR_NETWORK_CHANGED
FAILED /src/lib/service-clients/service-storage/generated/schemas/messageImportedAuthor.ts net::ERR_NETWORK_CHANGED
FAILED /src/lib/service-clients/service-storage/generated/schemas/messageListItem.ts net::ERR_NETWORK_CHANGED
FAILED /src/lib/service-clients/service-storage/generated/schemas/messageListItemAllOf.ts net::ERR_NETWORK_CHANGED
FAILED /src/lib/service-clients/service-storage/generated/schemas/messagePage.ts net::ERR_NETWORK_CHANGED
FAILED /src/lib/service-clients/service-storage/generated/schemas/messagePageNextCursor.ts net::ERR_NETWORK_CHANGED
FAILED /src/lib/service-clients/service-storage/generated/schemas/messagePagePreviousCursor.ts net::ERR_NETWORK_CHANGED
FAILED /src/lib/service-clients/service-storage/generated/schemas/messageParent.ts net::ERR_NETWORK_CHANGED
FAILED /src/lib/service-clients/service-storage/generated/schemas/messageParentOneOf.ts net::ERR_NETWORK_CHANGED
FAILED /src/lib/service-clients/service-storage/generated/schemas/messageParentOneOfThree.ts net::ERR_NETWORK_CHANGED
FAILED /src/lib/service-clients/service-storage/generated/schemas/messageParentOneOfThreeType.ts net::ERR_NETWORK_CHANGED
FAILED /src/lib/service-clients/service-storage/generated/schemas/messageParentOneOfType.ts net::ERR_NETWORK_CHANGED
FAILED /src/lib/service-clients/service-storage/generated/schemas/messagePatch.ts net::ERR_NETWORK_CHANGED
FAILED /src/lib/service-clients/service-storage/generated/schemas/messagePatchContent.ts net::ERR_NETWORK_CHANGED
FAILED /src/lib/service-clients/service-storage/generated/schemas/messagePatchMentions.ts net::ERR_NETWORK_CHANGED
FAILED /src/lib/service-clients/service-storage/generated/schemas/messagePatchNonce.ts net::ERR_NETWORK_CHANGED
FAILED /src/lib/service-clients/service-storage/generated/schemas/messageThread.ts net::ERR_NETWORK_CHANGED
FAILED /src/lib/service-clients/service-storage/generated/schemas/messageThreadId.ts net::ERR_NETWORK_CHANGED
FAILED /src/lib/service-clients/service-storage/generated/schemas/messageThreadPreview.ts net::ERR_NETWORK_CHANGED
FAILED /src/lib/service-clients/service-storage/generated/schemas/messageThreadPreviewLatestReplyAt.ts net::ERR_NETWORK_CHANGED
FAILED /src/lib/service-clients/service-storage/generated/schemas/messageTimelineParams.ts net::ERR_NETWORK_CHANGED
FAILED /src/lib/service-clients/service-storage/generated/schemas/messageTimelineQuery.ts net::ERR_NETWORK_CHANGED
FAILED /src/lib/service-clients/service-storage/generated/schemas/messageTimelineQueryActivityAfter.ts net::ERR_NETWORK_CHANGED
FAILED /src/lib/service-clients/service-storage/generated/schemas/messageTimelineQueryActivityBefore.ts net::ERR_NETWORK_CHANGED
FAILED /src/lib/service-clients/service-storage/generated/schemas/messageTimelineQueryAnchored.ts net::ERR_NETWORK_CHANGED
FAILED /src/lib/service-clients/service-storage/generated/schemas/messageTimelineQueryAround.ts net::ERR_NETWORK_CHANGED
FAILED /src/lib/service-clients/service-storage/generated/schemas/messageTimelineQueryCursor.ts net::ERR_NETWORK_CHANGED
FAILED /src/lib/service-clients/service-storage/generated/schemas/messageTimelineQueryLimit.ts net::ERR_NETWORK_CHANGED
FAILED /src/lib/service-clients/service-storage/generated/schemas/messageTriggeredBy.ts net::ERR_NETWORK_CHANGED
FAILED /src/lib/service-clients/service-storage/generated/schemas/newAttachment.ts net::ERR_NETWORK_CHANGED
FAILED /src/lib/service-clients/service-storage/generated/schemas/newAttachmentHeight.ts net::ERR_NETWORK_CHANGED
FAILED /src/lib/service-clients/service-storage/generated/schemas/newAttachmentWidth.ts net::ERR_NETWORK_CHANGED
FAILED /src/lib/service-clients/service-storage/generated/schemas/newChannelAttachment.ts net::ERR_NETWORK_CHANGED
FAILED /src/lib/service-clients/service-storage/generated/schemas/newChannelAttachmentHeight.ts net::ERR_NETWORK_CHANGED
FAILED /src/lib/service-clients/service-storage/generated/schemas/newChannelAttachmentWidth.ts net::ERR_NETWORK_CHANGED
FAILED /src/lib/service-clients/service-storage/generated/schemas/newThreadAnchor.ts net::ERR_NETWORK_CHANGED
FAILED /src/lib/service-clients/service-storage/generated/schemas/newThreadAnchorOneOf.ts net::ERR_NETWORK_CHANGED
FAILED /src/lib/service-clients/service-storage/generated/schemas/newThreadAnchorOneOfFive.ts net::ERR_NETWORK_CHANGED
FAILED /src/lib/service-clients/service-storage/generated/schemas/newThreadAnchorOneOfFiveType.ts net::ERR_NETWORK_CHANGED
FAILED /src/lib/service-clients/service-storage/generated/schemas/newThreadAnchorOneOfThree.ts net::ERR_NETWORK_CHANGED
FAILED /src/lib/service-clients/service-storage/generated/schemas/newThreadAnchorOneOfThreeType.ts net::ERR_NETWORK_CHANGED
FAILED /src/lib/service-clients/service-storage/generated/schemas/newThreadAnchorOneOfType.ts net::ERR_NETWORK_CHANGED
FAILED /src/lib/service-clients/service-storage/generated/schemas/notificationFilters.ts net::ERR_NETWORK_CHANGED
FAILED /src/lib/service-clients/service-storage/generated/schemas/notificationState.ts net::ERR_NETWORK_CHANGED
FAILED /src/lib/service-clients/service-storage/generated/schemas/pairingDetails.ts net::ERR_NETWORK_CHANGED
FAILED /src/lib/service-clients/service-storage/generated/schemas/pairingDetailsHost.ts net::ERR_NETWORK_CHANGED
FAILED /src/lib/service-clients/service-storage/generated/schemas/pairingDetailsRequestedAllowPermissionBypass.ts net::ERR_NETWORK_CHANGED
FAILED /src/lib/service-clients/service-storage/generated/schemas/pairingDetailsRequestedScope.ts net::ERR_NETWORK_CHANGED
FAILED /src/lib/service-clients/service-storage/generated/schemas/params.ts net::ERR_NETWORK_CHANGED
FAILED /src/lib/service-clients/service-storage/generated/schemas/paramsExpand.ts net::ERR_NETWORK_CHANGED
FAILED /src/lib/service-clients/service-storage/generated/schemas/paramsLimit.ts net::ERR_NETWORK_CHANGED
FAILED /src/lib/service-clients/service-storage/generated/schemas/paramsSortDirection.ts net::ERR_NETWORK_CHANGED
FAILED /src/lib/service-clients/service-storage/generated/schemas/paramsSortMethod.ts net::ERR_NETWORK_CHANGED
FAILED /src/lib/service-clients/service-storage/generated/schemas/patchBotRequest.ts net::ERR_NETWORK_CHANGED
FAILED /src/lib/service-clients/service-storage/generated/schemas/patchBotRequestAvatarUrl.ts net::ERR_NETWORK_CHANGED
FAILED /src/lib/service-clients/service-storage/generated/schemas/patchBotRequestDescription.ts net::ERR_NETWORK_CHANGED
FAILED /src/lib/service-clients/service-storage/generated/schemas/patchBotRequestHandle.ts net::ERR_NETWORK_CHANGED
FAILED /src/lib/service-clients/service-storage/generated/schemas/patchBotRequestHasAgent.ts net::ERR_NETWORK_CHANGED
FAILED /src/lib/service-clients/service-storage/generated/schemas/patchBotRequestName.ts net::ERR_NETWORK_CHANGED
FAILED /src/lib/service-clients/service-storage/generated/schemas/patchChannelRequest.ts net::ERR_NETWORK_CHANGED
FAILED /src/lib/service-clients/service-storage/generated/schemas/patchChannelRequestAutoJoinTeam.ts net::ERR_NETWORK_CHANGED
FAILED /src/lib/service-clients/service-storage/generated/schemas/patchChannelRequestChannelName.ts net::ERR_NETWORK_CHANGED
FAILED /src/lib/service-clients/service-storage/generated/schemas/patchChannelRequestConvertToTeamChannel.ts net::ERR_NETWORK_CHANGED
FAILED /src/lib/service-clients/service-storage/generated/schemas/patchMessageNotificationPolicy.ts net::ERR_NETWORK_CHANGED
FAILED /src/lib/service-clients/service-storage/generated/schemas/patchMessageRequest.ts net::ERR_NETWORK_CHANGED
FAILED /src/lib/service-clients/service-storage/generated/schemas/patchMessageRequestAttachmentIdsToDelete.ts net::ERR_NETWORK_CHANGED
FAILED /src/lib/service-clients/service-storage/generated/schemas/patchMessageRequestAttachmentsToAdd.ts net::ERR_NETWORK_CHANGED
FAILED /src/lib/service-clients/service-storage/generated/schemas/patchMessageRequestContent.ts net::ERR_NETWORK_CHANGED
FAILED /src/lib/service-clients/service-storage/generated/schemas/patchMessageRequestMentions.ts net::ERR_NETWORK_CHANGED
FAILED /src/lib/service-clients/service-storage/generated/schemas/patchMessageRequestNonce.ts net::ERR_NETWORK_CHANGED
FAILED /src/lib/service-clients/service-storage/generated/schemas/patchProjectRequestV2.ts net::ERR_NETWORK_CHANGED
FAILED /src/lib/service-clients/service-storage/generated/schemas/patchProjectRequestV2Name.ts net::ERR_NETWORK_CHANGED
FAILED /src/lib/service-clients/service-storage/generated/schemas/patchProjectRequestV2ProjectParentId.ts net::ERR_NETWORK_CHANGED
FAILED /src/lib/service-clients/service-storage/generated/schemas/patchProjectRequestV2SharePermission.ts net::ERR_NETWORK_CHANGED
FAILED /src/lib/service-clients/service-storage/generated/schemas/patchThreadRequestV2.ts net::ERR_NETWORK_CHANGED
FAILED /src/lib/service-clients/service-storage/generated/schemas/patchThreadRequestV2ProjectId.ts net::ERR_NETWORK_CHANGED
FAILED /src/lib/service-clients/service-storage/generated/schemas/patchThreadRequestV2SharePermission.ts net::ERR_NETWORK_CHANGED
FAILED /src/lib/service-clients/service-storage/generated/schemas/patchWebhookRequest.ts net::ERR_NETWORK_CHANGED
FAILED /src/lib/service-clients/service-storage/generated/schemas/patchWebhookRequestEndpointUrl.ts net::ERR_NETWORK_CHANGED
FAILED /src/lib/service-clients/service-storage/generated/schemas/patchWebhookRequestFilters.ts net::ERR_NETWORK_CHANGED
FAILED /src/lib/service-clients/service-storage/generated/schemas/patchWebhookRequestHeaders.ts net::ERR_NETWORK_CHANGED
FAILED /src/lib/service-clients/service-storage/generated/schemas/patchWebhookRequestName.ts net::ERR_NETWORK_CHANGED
FAILED /src/lib/service-clients/service-storage/generated/schemas/patchWebhookRequestStatus.ts net::ERR_NETWORK_CHANGED
FAILED /src/lib/service-clients/service-storage/generated/schemas/pdfAnchor.ts net::ERR_NETWORK_CHANGED
FAILED /src/lib/service-clients/service-storage/generated/schemas/pdfAnchorId.ts net::ERR_NETWORK_CHANGED
FAILED /src/lib/service-clients/service-storage/generated/schemas/pdfAnchorIdOneOf.ts net::ERR_NETWORK_CHANGED
FAILED /src/lib/service-clients/service-storage/generated/schemas/pdfAnchorIdOneOfAnchorType.ts net::ERR_NETWORK_CHANGED
FAILED /src/lib/service-clients/service-storage/generated/schemas/pdfAnchorIdOneOfThree.ts net::ERR_NETWORK_CHANGED
FAILED /src/lib/service-clients/service-storage/generated/schemas/pdfAnchorIdOneOfThreeAnchorType.ts net::ERR_NETWORK_CHANGED
FAILED /src/lib/service-clients/service-storage/generated/schemas/pdfAnchorOneOf.ts net::ERR_NETWORK_CHANGED
FAILED /src/lib/service-clients/service-storage/generated/schemas/pdfAnchorOneOfAllOf.ts net::ERR_NETWORK_CHANGED
FAILED /src/lib/service-clients/service-storage/generated/schemas/pdfAnchorOneOfAllOfAnchorType.ts net::ERR_NETWORK_CHANGED
FAILED /src/lib/service-clients/service-storage/generated/schemas/pdfAnchorOneOfFour.ts net::ERR_NETWORK_CHANGED
FAILED /src/lib/service-clients/service-storage/generated/schemas/pdfAnchorOneOfFourAllOf.ts net::ERR_NETWORK_CHANGED
FAILED /src/lib/service-clients/service-storage/generated/schemas/pdfAnchorOneOfFourAllOfAnchorType.ts net::ERR_NETWORK_CHANGED
FAILED /src/lib/service-clients/service-storage/generated/schemas/pdfAnchorRequest.ts net::ERR_NETWORK_CHANGED
FAILED /src/lib/service-clients/service-storage/generated/schemas/pdfAnchorRequestOneOf.ts net::ERR_NETWORK_CHANGED
FAILED /src/lib/service-clients/service-storage/generated/schemas/pdfAnchorRequestOneOfAllOf.ts net::ERR_NETWORK_CHANGED
FAILED /src/lib/service-clients/service-storage/generated/schemas/pdfAnchorRequestOneOfAllOfAnchorType.ts net::ERR_NETWORK_CHANGED
FAILED /src/lib/service-clients/service-storage/generated/schemas/pdfAnchorRequestOneOfFour.ts net::ERR_NETWORK_CHANGED
FAILED /src/lib/service-clients/service-storage/generated/schemas/pdfAnchorRequestOneOfFourAllOf.ts net::ERR_NETWORK_CHANGED
FAILED /src/lib/service-clients/service-storage/generated/schemas/pdfAnchorRequestOneOfFourAllOfAnchorType.ts net::ERR_NETWORK_CHANGED
FAILED /src/lib/service-clients/service-storage/generated/schemas/pdfAnchorRequestOneOfSeven.ts net::ERR_NETWORK_CHANGED
FAILED /src/lib/service-clients/service-storage/generated/schemas/pdfAnchorRequestOneOfSevenAllOf.ts net::ERR_NETWORK_CHANGED
FAILED /src/lib/service-clients/service-storage/generated/schemas/pdfAnchorRequestOneOfSevenAllOfAnchorType.ts net::ERR_NETWORK_CHANGED
FAILED /src/lib/service-clients/service-storage/generated/schemas/pdfHighlightAnchor.ts net::ERR_NETWORK_CHANGED
FAILED /src/lib/service-clients/service-storage/generated/schemas/pdfHighlightAnchorCreatedAt.ts net::ERR_NETWORK_CHANGED
FAILED /src/lib/service-clients/service-storage/generated/schemas/pdfHighlightAnchorDeletedAt.ts net::ERR_NETWORK_CHANGED
FAILED /src/lib/service-clients/service-storage/generated/schemas/pdfHighlightAnchorRequest.ts net::ERR_NETWORK_CHANGED
FAILED /src/lib/service-clients/service-storage/generated/schemas/pdfHighlightAnchorRequestUuid.ts net::ERR_NETWORK_CHANGED
FAILED /src/lib/service-clients/service-storage/generated/schemas/pdfHighlightAnchorRootId.ts net::ERR_NETWORK_CHANGED
FAILED /src/lib/service-clients/service-storage/generated/schemas/pdfHighlightAnchorThreadId.ts net::ERR_NETWORK_CHANGED
FAILED /src/lib/service-clients/service-storage/generated/schemas/pdfHighlightAnchorUpdatedAt.ts net::ERR_NETWORK_CHANGED
FAILED /src/lib/service-clients/service-storage/generated/schemas/pdfHighlightRect.ts net::ERR_NETWORK_CHANGED
FAILED /src/lib/service-clients/service-storage/generated/schemas/pdfHighlightRectAnchorRequest.ts net::ERR_NETWORK_CHANGED
FAILED /src/lib/service-clients/service-storage/generated/schemas/pdfPlaceableCommentAnchor.ts net::ERR_NETWORK_CHANGED
FAILED /src/lib/service-clients/service-storage/generated/schemas/pdfPlaceableCommentAnchorRequest.ts net::ERR_NETWORK_CHANGED
FAILED /src/lib/service-clients/service-storage/generated/schemas/pdfPlaceableCommentAnchorRequestUuid.ts net::ERR_NETWORK_CHANGED
FAILED /src/lib/service-clients/service-storage/generated/schemas/pdfPlaceableCommentAnchorRootId.ts net::ERR_NETWORK_CHANGED
FAILED /src/lib/service-clients/service-storage/generated/schemas/pdfPlaceableCommentAnchorThreadId.ts net::ERR_NETWORK_CHANGED
FAILED /src/lib/service-clients/service-storage/generated/schemas/pendingClaimResponse.ts net::ERR_NETWORK_CHANGED
FAILED /src/lib/service-clients/service-storage/generated/schemas/pinnedItem.ts net::ERR_NETWORK_CHANGED
FAILED /src/lib/service-clients/service-storage/generated/schemas/pinRequest.ts net::ERR_NETWORK_CHANGED
FAILED /src/lib/service-clients/service-storage/generated/schemas/postActivityRequest.ts net::ERR_NETWORK_CHANGED
FAILED /src/lib/service-clients/service-storage/generated/schemas/postChannelMessagesParams.ts net::ERR_NETWORK_CHANGED
FAILED /src/lib/service-clients/service-storage/generated/schemas/postGroupedSoupAstGroupPageRequest.ts net::ERR_NETWORK_CHANGED
FAILED /src/lib/service-clients/service-storage/generated/schemas/postGroupedSoupAstInitialRequest.ts net::ERR_NETWORK_CHANGED
FAILED /src/lib/service-clients/service-storage/generated/schemas/postGroupedSoupAstRequest.ts net::ERR_NETWORK_CHANGED
FAILED /src/lib/service-clients/service-storage/generated/schemas/postGroupedSoupAstRequestOneOf.ts net::ERR_NETWORK_CHANGED
FAILED /src/lib/service-clients/service-storage/generated/schemas/postGroupedSoupAstRequestOneOfAllOf.ts net::ERR_NETWORK_CHANGED
FAILED /src/lib/service-clients/service-storage/generated/schemas/postGroupedSoupAstRequestOneOfAllOfMode.ts net::ERR_NETWORK_CHANGED
FAILED /src/lib/service-clients/service-storage/generated/schemas/postGroupedSoupAstRequestOneOfFour.ts net::ERR_NETWORK_CHANGED
FAILED /src/lib/service-clients/service-storage/generated/schemas/postGroupedSoupAstRequestOneOfFourAllOf.ts net::ERR_NETWORK_CHANGED
FAILED /src/lib/service-clients/service-storage/generated/schemas/postGroupedSoupAstRequestOneOfFourAllOfMode.ts net::ERR_NETWORK_CHANGED
FAILED /src/lib/service-clients/service-storage/generated/schemas/postItemsSoupAstGroupedParams.ts net::ERR_NETWORK_CHANGED
FAILED /src/lib/service-clients/service-storage/generated/schemas/postItemsSoupAstParams.ts net::ERR_NETWORK_CHANGED
FAILED /src/lib/service-clients/service-storage/generated/schemas/postItemsSoupParams.ts net::ERR_NETWORK_CHANGED
FAILED /src/lib/service-clients/service-storage/generated/schemas/postMessage.ts net::ERR_NETWORK_CHANGED
FAILED /src/lib/service-clients/service-storage/generated/schemas/postMessageAnchor.ts net::ERR_NETWORK_CHANGED
FAILED /src/lib/service-clients/service-storage/generated/schemas/postMessageNonce.ts net::ERR_NETWORK_CHANGED
FAILED /src/lib/service-clients/service-storage/generated/schemas/postMessageNotificationPolicy.ts net::ERR_NETWORK_CHANGED
FAILED /src/lib/service-clients/service-storage/generated/schemas/postMessageRequest.ts net::ERR_NETWORK_CHANGED
FAILED /src/lib/service-clients/service-storage/generated/schemas/postMessageRequestNonce.ts net::ERR_NETWORK_CHANGED
FAILED /src/lib/service-clients/service-storage/generated/schemas/postMessageRequestThreadId.ts net::ERR_NETWORK_CHANGED
FAILED /src/lib/service-clients/service-storage/generated/schemas/postMessageResponse.ts net::ERR_NETWORK_CHANGED
FAILED /src/lib/service-clients/service-storage/generated/schemas/postMessageResponseNonce.ts net::ERR_NETWORK_CHANGED
FAILED /src/lib/service-clients/service-storage/generated/schemas/postMessageThreadId.ts net::ERR_NETWORK_CHANGED
FAILED /src/lib/service-clients/service-storage/generated/schemas/postReactionRequest.ts net::ERR_NETWORK_CHANGED
FAILED /src/lib/service-clients/service-storage/generated/schemas/postReactionRequestNonce.ts net::ERR_NETWORK_CHANGED
FAILED /src/lib/service-clients/service-storage/generated/schemas/postSoupAstRequest.ts net::ERR_NETWORK_CHANGED
FAILED /src/lib/service-clients/service-storage/generated/schemas/postSoupAstRequestAllOf.ts net::ERR_NETWORK_CHANGED
FAILED /src/lib/service-clients/service-storage/generated/schemas/postSoupRequest.ts net::ERR_NETWORK_CHANGED
FAILED /src/lib/service-clients/service-storage/generated/schemas/postSoupRequestAllOf.ts net::ERR_NETWORK_CHANGED
FAILED /src/lib/service-clients/service-storage/generated/schemas/postTypingRequest.ts net::ERR_NETWORK_CHANGED
FAILED /src/lib/service-clients/service-storage/generated/schemas/postTypingRequestNonce.ts net::ERR_NETWORK_CHANGED
FAILED /src/lib/service-clients/service-storage/generated/schemas/postTypingRequestThreadId.ts net::ERR_NETWORK_CHANGED
FAILED /src/lib/service-clients/service-storage/generated/schemas/preSaveDocumentRequest.ts net::ERR_NETWORK_CHANGED
FAILED /src/lib/service-clients/service-storage/generated/schemas/preSaveDocumentResponse.ts net::ERR_NETWORK_CHANGED
FAILED /src/lib/service-clients/service-storage/generated/schemas/preSaveDocumentResponseData.ts net::ERR_NETWORK_CHANGED
FAILED /src/lib/service-clients/service-storage/generated/schemas/presignedUrl.ts net::ERR_NETWORK_CHANGED
FAILED /src/lib/service-clients/service-storage/generated/schemas/project.ts net::ERR_NETWORK_CHANGED
FAILED /src/lib/service-clients/service-storage/generated/schemas/projectCreatedAt.ts net::ERR_NETWORK_CHANGED
FAILED /src/lib/service-clients/service-storage/generated/schemas/projectDeletedAt.ts net::ERR_NETWORK_CHANGED
FAILED /src/lib/service-clients/service-storage/generated/schemas/projectDeleteResponseData.ts net::ERR_NETWORK_CHANGED
FAILED /src/lib/service-clients/service-storage/generated/schemas/projectDocumentStatus.ts net::ERR_NETWORK_CHANGED
FAILED /src/lib/service-clients/service-storage/generated/schemas/projectFilters.ts net::ERR_NETWORK_CHANGED
FAILED /src/lib/service-clients/service-storage/generated/schemas/projectFiltersImportance.ts net::ERR_NETWORK_CHANGED
FAILED /src/lib/service-clients/service-storage/generated/schemas/projectParentId.ts net::ERR_NETWORK_CHANGED
FAILED /src/lib/service-clients/service-storage/generated/schemas/projectPreview.ts net::ERR_NETWORK_CHANGED
FAILED /src/lib/service-clients/service-storage/generated/schemas/projectPreviewData.ts net::ERR_NETWORK_CHANGED
FAILED /src/lib/service-clients/service-storage/generated/schemas/projectPreviewDataUpdatedAt.ts net::ERR_NETWORK_CHANGED
FAILED /src/lib/service-clients/service-storage/generated/schemas/projectPreviewOneOf.ts net::ERR_NETWORK_CHANGED
FAILED /src/lib/service-clients/service-storage/generated/schemas/projectPreviewOneOfAllOf.ts net::ERR_NETWORK_CHANGED
FAILED /src/lib/service-clients/service-storage/generated/schemas/projectPreviewOneOfAllOfAccess.ts net::ERR_NETWORK_CHANGED
FAILED /src/lib/service-clients/service-storage/generated/schemas/projectPreviewOneOfFour.ts net::ERR_NETWORK_CHANGED
FAILED /src/lib/service-clients/service-storage/generated/schemas/projectPreviewOneOfFourAllOf.ts net::ERR_NETWORK_CHANGED
FAILED /src/lib/service-clients/service-storage/generated/schemas/projectPreviewOneOfFourAllOfAccess.ts net::ERR_NETWORK_CHANGED
FAILED /src/lib/service-clients/service-storage/generated/schemas/projectPreviewOneOfSeven.ts net::ERR_NETWORK_CHANGED
FAILED /src/lib/service-clients/service-storage/generated/schemas/projectPreviewOneOfSevenAllOf.ts net::ERR_NETWORK_CHANGED
FAILED /src/lib/service-clients/service-storage/generated/schemas/projectPreviewOneOfSevenAllOfAccess.ts net::ERR_NETWORK_CHANGED
FAILED /src/lib/service-clients/service-storage/generated/schemas/projectUpdatedAt.ts net::ERR_NETWORK_CHANGED
FAILED /src/lib/service-clients/service-storage/generated/schemas/propertyDefinition.ts net::ERR_NETWORK_CHANGED
FAILED /src/lib/service-clients/service-storage/generated/schemas/propertyDefinitionSpecificEntityType.ts net::ERR_NETWORK_CHANGED
FAILED /src/lib/service-clients/service-storage/generated/schemas/propertyFilter.ts net::ERR_NETWORK_CHANGED
FAILED /src/lib/service-clients/service-storage/generated/schemas/propertyFilterEntityType.ts net::ERR_NETWORK_CHANGED
FAILED /src/lib/service-clients/service-storage/generated/schemas/propertyInput.ts net::ERR_NETWORK_CHANGED
FAILED /src/lib/service-clients/service-storage/generated/schemas/propertyOwner.ts net::ERR_NETWORK_CHANGED
FAILED /src/lib/service-clients/service-storage/generated/schemas/propertyOwnerOneOf.ts net::ERR_NETWORK_CHANGED
FAILED /src/lib/service-clients/service-storage/generated/schemas/propertyOwnerOneOfFive.ts net::ERR_NETWORK_CHANGED
FAILED /src/lib/service-clients/service-storage/generated/schemas/propertyOwnerOneOfFiveScope.ts net::ERR_NETWORK_CHANGED
FAILED /src/lib/service-clients/service-storage/generated/schemas/propertyOwnerOneOfScope.ts net::ERR_NETWORK_CHANGED
FAILED /src/lib/service-clients/service-storage/generated/schemas/propertyOwnerOneOfThree.ts net::ERR_NETWORK_CHANGED
FAILED /src/lib/service-clients/service-storage/generated/schemas/propertyOwnerOneOfThreeScope.ts net::ERR_NETWORK_CHANGED
FAILED /src/lib/service-clients/service-storage/generated/schemas/propertyValue.ts net::ERR_NETWORK_CHANGED
FAILED /src/lib/service-clients/service-storage/generated/schemas/propertyValueOneOf.ts net::ERR_NETWORK_CHANGED
FAILED /src/lib/service-clients/service-storage/generated/schemas/propertyValueOneOfFive.ts net::ERR_NETWORK_CHANGED
FAILED /src/lib/service-clients/service-storage/generated/schemas/propertyValueOneOfFiveType.ts net::ERR_NETWORK_CHANGED
FAILED /src/lib/service-clients/service-storage/generated/schemas/propertyValueOneOfNine.ts net::ERR_NETWORK_CHANGED
FAILED /src/lib/service-clients/service-storage/generated/schemas/propertyValueOneOfNineType.ts net::ERR_NETWORK_CHANGED
FAILED /src/lib/service-clients/service-storage/generated/schemas/propertyValueOneOfOneone.ts net::ERR_NETWORK_CHANGED
FAILED /src/lib/service-clients/service-storage/generated/schemas/propertyValueOneOfOneoneType.ts net::ERR_NETWORK_CHANGED
FAILED /src/lib/service-clients/service-storage/generated/schemas/propertyValueOneOfOnethree.ts net::ERR_NETWORK_CHANGED
FAILED /src/lib/service-clients/service-storage/generated/schemas/propertyValueOneOfOnethreeType.ts net::ERR_NETWORK_CHANGED
FAILED /src/lib/service-clients/service-storage/generated/schemas/propertyValueOneOfSeven.ts net::ERR_NETWORK_CHANGED
FAILED /src/lib/service-clients/service-storage/generated/schemas/propertyValueOneOfSevenType.ts net::ERR_NETWORK_CHANGED
FAILED /src/lib/service-clients/service-storage/generated/schemas/propertyValueOneOfThree.ts net::ERR_NETWORK_CHANGED
FAILED /src/lib/service-clients/service-storage/generated/schemas/propertyValueOneOfThreeType.ts net::ERR_NETWORK_CHANGED
FAILED /src/lib/service-clients/service-storage/generated/schemas/propertyValueOneOfType.ts net::ERR_NETWORK_CHANGED
FAILED /src/lib/service-clients/service-storage/generated/schemas/reactionAction.ts net::ERR_NETWORK_CHANGED
FAILED /src/lib/service-clients/service-storage/generated/schemas/reactionInput.ts net::ERR_NETWORK_CHANGED
FAILED /src/lib/service-clients/service-storage/generated/schemas/reactionInputNonce.ts net::ERR_NETWORK_CHANGED
FAILED /src/lib/service-clients/service-storage/generated/schemas/recentlyDeletedResponseData.ts net::ERR_NETWORK_CHANGED
FAILED /src/lib/service-clients/service-storage/generated/schemas/referencedThread.ts net::ERR_NETWORK_CHANGED
FAILED /src/lib/service-clients/service-storage/generated/schemas/referencedThreadChannelName.ts net::ERR_NETWORK_CHANGED
FAILED /src/lib/service-clients/service-storage/generated/schemas/referencedThreadPage.ts net::ERR_NETWORK_CHANGED
FAILED /src/lib/service-clients/service-storage/generated/schemas/referencedThreadPageNextCursor.ts net::ERR_NETWORK_CHANGED
FAILED /src/lib/service-clients/service-storage/generated/schemas/reminder.ts net::ERR_NETWORK_CHANGED
FAILED /src/lib/service-clients/service-storage/generated/schemas/reminderCompletedAt.ts net::ERR_NETWORK_CHANGED
FAILED /src/lib/service-clients/service-storage/generated/schemas/reminderEntityId.ts net::ERR_NETWORK_CHANGED
FAILED /src/lib/service-clients/service-storage/generated/schemas/reminderEntityType.ts net::ERR_NETWORK_CHANGED
FAILED /src/lib/service-clients/service-storage/generated/schemas/reminderFilters.ts net::ERR_NETWORK_CHANGED
FAILED /src/lib/service-clients/service-storage/generated/schemas/reminderFiltersCompleted.ts net::ERR_NETWORK_CHANGED
FAILED /src/lib/service-clients/service-storage/generated/schemas/reminderFiltersFired.ts net::ERR_NETWORK_CHANGED
FAILED /src/lib/service-clients/service-storage/generated/schemas/reminderSchedule.ts net::ERR_NETWORK_CHANGED
FAILED /src/lib/service-clients/service-storage/generated/schemas/reminderScheduleOneOf.ts net::ERR_NETWORK_CHANGED
FAILED /src/lib/service-clients/service-storage/generated/schemas/reminderScheduleOneOfThree.ts net::ERR_NETWORK_CHANGED
FAILED /src/lib/service-clients/service-storage/generated/schemas/reminderScheduleOneOfThreeType.ts net::ERR_NETWORK_CHANGED
FAILED /src/lib/service-clients/service-storage/generated/schemas/reminderScheduleOneOfType.ts net::ERR_NETWORK_CHANGED
FAILED /src/lib/service-clients/service-storage/generated/schemas/remindersList.ts net::ERR_NETWORK_CHANGED
FAILED /src/lib/service-clients/service-storage/generated/schemas/remindersListNextCursor.ts net::ERR_NETWORK_CHANGED
FAILED /src/lib/service-clients/service-storage/generated/schemas/removeParticipantsRequest.ts net::ERR_NETWORK_CHANGED
FAILED /src/lib/service-clients/service-storage/generated/schemas/reorderFavoritesRequest.ts net::ERR_NETWORK_CHANGED
FAILED /src/lib/service-clients/service-storage/generated/schemas/reorderPinRequest.ts net::ERR_NETWORK_CHANGED
FAILED /src/lib/service-clients/service-storage/generated/schemas/replaceCrmStagesRequest.ts net::ERR_NETWORK_CHANGED
FAILED /src/lib/service-clients/service-storage/generated/schemas/requestedHarnessScope.ts net::ERR_NETWORK_CHANGED
FAILED /src/lib/service-clients/service-storage/generated/schemas/ringStatus.ts net::ERR_NETWORK_CHANGED
FAILED /src/lib/service-clients/service-storage/generated/schemas/ringStatusResponse.ts net::ERR_NETWORK_CHANGED
FAILED /src/lib/service-clients/service-storage/generated/schemas/s3ObjectInfo.ts net::ERR_NETWORK_CHANGED
FAILED /src/lib/service-clients/service-storage/generated/schemas/saveBomPart.ts net::ERR_NETWORK_CHANGED
FAILED /src/lib/service-clients/service-storage/generated/schemas/saveDocumentRequest.ts net::ERR_NETWORK_CHANGED
FAILED /src/lib/service-clients/service-storage/generated/schemas/saveDocumentRequestNewBom.ts net::ERR_NETWORK_CHANGED
FAILED /src/lib/service-clients/service-storage/generated/schemas/saveDocumentRequestSha.ts net::ERR_NETWORK_CHANGED
FAILED /src/lib/service-clients/service-storage/generated/schemas/saveDocumentResponse.ts net::ERR_NETWORK_CHANGED
FAILED /src/lib/service-clients/service-storage/generated/schemas/saveDocumentResponseData.ts net::ERR_NETWORK_CHANGED
FAILED /src/lib/service-clients/service-storage/generated/schemas/saveDocumentResponseDataPresignedUrl.ts net::ERR_NETWORK_CHANGED
FAILED /src/lib/service-clients/service-storage/generated/schemas/sessionDeletedMetadata.ts net::ERR_NETWORK_CHANGED
FAILED /src/lib/service-clients/service-storage/generated/schemas/sessionIdentity.ts net::ERR_NETWORK_CHANGED
FAILED /src/lib/service-clients/service-storage/generated/schemas/sessionIdentityOrigin.ts net::ERR_NETWORK_CHANGED
FAILED /src/lib/service-clients/service-storage/generated/schemas/sessionMentionedMetadata.ts net::ERR_NETWORK_CHANGED
FAILED /src/lib/service-clients/service-storage/generated/schemas/sessionMentionedMetadataMentionedBy.ts net::ERR_NETWORK_CHANGED
FAILED /src/lib/service-clients/service-storage/generated/schemas/sessionOpenedMetadata.ts net::ERR_NETWORK_CHANGED
FAILED /src/lib/service-clients/service-storage/generated/schemas/sessionRenamedMetadata.ts net::ERR_NETWORK_CHANGED
FAILED /src/lib/service-clients/service-storage/generated/schemas/sessionSettledMetadata.ts net::ERR_NETWORK_CHANGED
FAILED /src/lib/service-clients/service-storage/generated/schemas/sessionSettledMetadataLastTurn.ts net::ERR_NETWORK_CHANGED
FAILED /src/lib/service-clients/service-storage/generated/schemas/sessionStoppedMetadata.ts net::ERR_NETWORK_CHANGED
FAILED /src/lib/service-clients/service-storage/generated/schemas/sessionStoppedMetadataTurnInFlight.ts net::ERR_NETWORK_CHANGED
FAILED /src/lib/service-clients/service-storage/generated/schemas/setChannelPictureRequest.ts net::ERR_NETWORK_CHANGED
FAILED /src/lib/service-clients/service-storage/generated/schemas/setChannelPictureRequestProfilePictureId.ts net::ERR_NETWORK_CHANGED
FAILED /src/lib/service-clients/service-storage/generated/schemas/setCompanyHiddenRequest.ts net::ERR_NETWORK_CHANGED
FAILED /src/lib/service-clients/service-storage/generated/schemas/setCompanyNameRequest.ts net::ERR_NETWORK_CHANGED
FAILED /src/lib/service-clients/service-storage/generated/schemas/setContactHiddenRequest.ts net::ERR_NETWORK_CHANGED
FAILED /src/lib/service-clients/service-storage/generated/schemas/setContactNameRequest.ts net::ERR_NETWORK_CHANGED
FAILED /src/lib/service-clients/service-storage/generated/schemas/setDocumentTeamShareRequest.ts net::ERR_NETWORK_CHANGED
FAILED /src/lib/service-clients/service-storage/generated/schemas/setEmailSyncRequest.ts net::ERR_NETWORK_CHANGED
FAILED /src/lib/service-clients/service-storage/generated/schemas/setPropertyValue.ts net::ERR_NETWORK_CHANGED
FAILED /src/lib/service-clients/service-storage/generated/schemas/setPropertyValueOneOf.ts net::ERR_NETWORK_CHANGED
FAILED /src/lib/service-clients/service-storage/generated/schemas/setPropertyValueOneOfFive.ts net::ERR_NETWORK_CHANGED
FAILED /src/lib/service-clients/service-storage/generated/schemas/setPropertyValueOneOfFiveType.ts net::ERR_NETWORK_CHANGED
FAILED /src/lib/service-clients/service-storage/generated/schemas/setPropertyValueOneOfNine.ts net::ERR_NETWORK_CHANGED
FAILED /src/lib/service-clients/service-storage/generated/schemas/setPropertyValueOneOfNineType.ts net::ERR_NETWORK_CHANGED
FAILED /src/lib/service-clients/service-storage/generated/schemas/setPropertyValueOneOfOnefive.ts net::ERR_NETWORK_CHANGED
FAILED /src/lib/service-clients/service-storage/generated/schemas/setPropertyValueOneOfOnefiveType.ts net::ERR_NETWORK_CHANGED
FAILED /src/lib/service-clients/service-storage/generated/schemas/setPropertyValueOneOfOnenine.ts net::ERR_NETWORK_CHANGED
FAILED /src/lib/service-clients/service-storage/generated/schemas/setPropertyValueOneOfOnenineType.ts net::ERR_NETWORK_CHANGED
FAILED /src/lib/service-clients/service-storage/generated/schemas/setPropertyValueOneOfOneone.ts net::ERR_NETWORK_CHANGED
FAILED /src/lib/service-clients/service-storage/generated/schemas/setPropertyValueOneOfOneoneType.ts net::ERR_NETWORK_CHANGED
FAILED /src/lib/service-clients/service-storage/generated/schemas/setPropertyValueOneOfOneseven.ts net::ERR_NETWORK_CHANGED
FAILED /src/lib/service-clients/service-storage/generated/schemas/setPropertyValueOneOfOnesevenType.ts net::ERR_NETWORK_CHANGED
FAILED /src/lib/service-clients/service-storage/generated/schemas/setPropertyValueOneOfOnethree.ts net::ERR_NETWORK_CHANGED
FAILED /src/lib/service-clients/service-storage/generated/schemas/setPropertyValueOneOfOnethreeType.ts net::ERR_NETWORK_CHANGED
FAILED /src/lib/service-clients/service-storage/generated/schemas/setPropertyValueOneOfSeven.ts net::ERR_NETWORK_CHANGED
FAILED /src/lib/service-clients/service-storage/generated/schemas/setPropertyValueOneOfSevenType.ts net::ERR_NETWORK_CHANGED
FAILED /src/lib/service-clients/service-storage/generated/schemas/setPropertyValueOneOfThree.ts net::ERR_NETWORK_CHANGED
FAILED /src/lib/service-clients/service-storage/generated/schemas/setPropertyValueOneOfThreeType.ts net::ERR_NETWORK_CHANGED
FAILED /src/lib/service-clients/service-storage/generated/schemas/setPropertyValueOneOfType.ts net::ERR_NETWORK_CHANGED
FAILED /src/lib/service-clients/service-storage/generated/schemas/sharedEmailFilter.ts net::ERR_NETWORK_CHANGED
FAILED /src/lib/service-clients/service-storage/generated/schemas/sharePermissionV2.ts net::ERR_NETWORK_CHANGED
FAILED /src/lib/service-clients/service-storage/generated/schemas/sharePermissionV2ChannelSharePermissions.ts net::ERR_NETWORK_CHANGED
FAILED /src/lib/service-clients/service-storage/generated/schemas/sharePermissionV2LinkShare.ts net::ERR_NETWORK_CHANGED
FAILED /src/lib/service-clients/service-storage/generated/schemas/sharePermissionV2LinkShareAccessLevel.ts net::ERR_NETWORK_CHANGED
FAILED /src/lib/service-clients/service-storage/generated/schemas/sharePermissionV2TeamShareAccessLevel.ts net::ERR_NETWORK_CHANGED
FAILED /src/lib/service-clients/service-storage/generated/schemas/shortIdResponse.ts net::ERR_NETWORK_CHANGED
FAILED /src/lib/service-clients/service-storage/generated/schemas/simpleMention.ts net::ERR_NETWORK_CHANGED
FAILED /src/lib/service-clients/service-storage/generated/schemas/soupAgentSessionSoupPropertiesField.ts net::ERR_NETWORK_CHANGED
FAILED /src/lib/service-clients/service-storage/generated/schemas/soupAgentSessionSoupPropertiesFieldAllOf.ts net::ERR_NETWORK_CHANGED
FAILED /src/lib/service-clients/service-storage/generated/schemas/soupAgentSessionSoupPropertiesFieldAllOfTwo.ts net::ERR_NETWORK_CHANGED
FAILED /src/lib/service-clients/service-storage/generated/schemas/soupAgentSessionSoupPropertiesFieldAllOfTwoThreadId.ts net::ERR_NETWORK_CHANGED
FAILED /src/lib/service-clients/service-storage/generated/schemas/soupAgentSessionSoupPropertiesFieldAllOfTwoViewedAt.ts net::ERR_NETWORK_CHANGED
FAILED /src/lib/service-clients/service-storage/generated/schemas/soupApiItem.ts net::ERR_NETWORK_CHANGED
FAILED /src/lib/service-clients/service-storage/generated/schemas/soupApiItemAllOf.ts net::ERR_NETWORK_CHANGED
FAILED /src/lib/service-clients/service-storage/generated/schemas/soupApiItemAllOfNotifiedAt.ts net::ERR_NETWORK_CHANGED
FAILED /src/lib/service-clients/service-storage/generated/schemas/soupApiItemAllOfTouchedAt.ts net::ERR_NETWORK_CHANGED
FAILED /src/lib/service-clients/service-storage/generated/schemas/soupApiSort.ts net::ERR_NETWORK_CHANGED
FAILED /src/lib/service-clients/service-storage/generated/schemas/soupApiSortDirection.ts net::ERR_NETWORK_CHANGED
FAILED /src/lib/service-clients/service-storage/generated/schemas/soupAttachment.ts net::ERR_NETWORK_CHANGED
FAILED /src/lib/service-clients/service-storage/generated/schemas/soupAttachmentContentId.ts net::ERR_NETWORK_CHANGED
FAILED /src/lib/service-clients/service-storage/generated/schemas/soupAttachmentFilename.ts net::ERR_NETWORK_CHANGED
FAILED /src/lib/service-clients/service-storage/generated/schemas/soupAttachmentMimeType.ts net::ERR_NETWORK_CHANGED
FAILED /src/lib/service-clients/service-storage/generated/schemas/soupAttachmentProviderAttachmentId.ts net::ERR_NETWORK_CHANGED
FAILED /src/lib/service-clients/service-storage/generated/schemas/soupAttachmentSizeBytes.ts net::ERR_NETWORK_CHANGED
FAILED /src/lib/service-clients/service-storage/generated/schemas/soupCalendarEventSoupPropertiesField.ts net::ERR_NETWORK_CHANGED
FAILED /src/lib/service-clients/service-storage/generated/schemas/soupCalendarEventSoupPropertiesFieldConferenceProvider.ts net::ERR_NETWORK_CHANGED
FAILED /src/lib/service-clients/service-storage/generated/schemas/soupCalendarEventSoupPropertiesFieldConferenceUrl.ts net::ERR_NETWORK_CHANGED
FAILED /src/lib/service-clients/service-storage/generated/schemas/soupCalendarEventSoupPropertiesFieldDescription.ts net::ERR_NETWORK_CHANGED
FAILED /src/lib/service-clients/service-storage/generated/schemas/soupCalendarEventSoupPropertiesFieldExtra.ts net::ERR_NETWORK_CHANGED
FAILED /src/lib/service-clients/service-storage/generated/schemas/soupCalendarEventSoupPropertiesFieldLastReminderFiredAt.ts net::ERR_NETWORK_CHANGED
FAILED /src/lib/service-clients/service-storage/generated/schemas/soupCalendarEventSoupPropertiesFieldLocation.ts net::ERR_NETWORK_CHANGED
FAILED /src/lib/service-clients/service-storage/generated/schemas/soupCalendarEventSoupPropertiesFieldOrganizerEmail.ts net::ERR_NETWORK_CHANGED
FAILED /src/lib/service-clients/service-storage/generated/schemas/soupCalendarEventSoupPropertiesFieldOrganizerName.ts net::ERR_NETWORK_CHANGED
FAILED /src/lib/service-clients/service-storage/generated/schemas/soupCalendarEventTime.ts net::ERR_NETWORK_CHANGED
FAILED /src/lib/service-clients/service-storage/generated/schemas/soupCalendarEventTimeOneOf.ts net::ERR_NETWORK_CHANGED
FAILED /src/lib/service-clients/service-storage/generated/schemas/soupCalendarEventTimeOneOfFour.ts net::ERR_NETWORK_CHANGED
FAILED /src/lib/service-clients/service-storage/generated/schemas/soupCalendarEventTimeOneOfFourKind.ts net::ERR_NETWORK_CHANGED
FAILED /src/lib/service-clients/service-storage/generated/schemas/soupCalendarEventTimeOneOfKind.ts net::ERR_NETWORK_CHANGED
FAILED /src/lib/service-clients/service-storage/generated/schemas/soupCalendarEventTimeOneOfTimeZone.ts net::ERR_NETWORK_CHANGED
FAILED /src/lib/service-clients/service-storage/generated/schemas/soupCallRecordParticipant.ts net::ERR_NETWORK_CHANGED
FAILED /src/lib/service-clients/service-storage/generated/schemas/soupCallRecordParticipantLeftAt.ts net::ERR_NETWORK_CHANGED
FAILED /src/lib/service-clients/service-storage/generated/schemas/soupCallRecordSoupPropertiesField.ts net::ERR_NETWORK_CHANGED
FAILED /src/lib/service-clients/service-storage/generated/schemas/soupCallRecordSoupPropertiesFieldAllOf.ts net::ERR_NETWORK_CHANGED
FAILED /src/lib/service-clients/service-storage/generated/schemas/soupCallRecordSoupPropertiesFieldAllOfTwo.ts net::ERR_NETWORK_CHANGED
FAILED /src/lib/service-clients/service-storage/generated/schemas/soupCallRecordSoupPropertiesFieldAllOfTwoChannelName.ts net::ERR_NETWORK_CHANGED
FAILED /src/lib/service-clients/service-storage/generated/schemas/soupCallRecordSoupPropertiesFieldAllOfTwoCustomName.ts net::ERR_NETWORK_CHANGED
FAILED /src/lib/service-clients/service-storage/generated/schemas/soupCallRecordSoupPropertiesFieldAllOfTwoDurationMs.ts net::ERR_NETWORK_CHANGED
FAILED /src/lib/service-clients/service-storage/generated/schemas/soupCallRecordSoupPropertiesFieldAllOfTwoEndedAt.ts net::ERR_NETWORK_CHANGED
FAILED /src/lib/service-clients/service-storage/generated/schemas/soupCallRecordSoupPropertiesFieldAllOfTwoSummary.ts net::ERR_NETWORK_CHANGED
FAILED /src/lib/service-clients/service-storage/generated/schemas/soupChannel.ts net::ERR_NETWORK_CHANGED
FAILED /src/lib/service-clients/service-storage/generated/schemas/soupChannelAllOf.ts net::ERR_NETWORK_CHANGED
FAILED /src/lib/service-clients/service-storage/generated/schemas/soupChannelAllOfInteractedAt.ts net::ERR_NETWORK_CHANGED
FAILED /src/lib/service-clients/service-storage/generated/schemas/soupChannelAllOfViewedAt.ts net::ERR_NETWORK_CHANGED
FAILED /src/lib/service-clients/service-storage/generated/schemas/soupChannelThread.ts net::ERR_NETWORK_CHANGED
FAILED /src/lib/service-clients/service-storage/generated/schemas/soupChannelThreadDeletedAt.ts net::ERR_NETWORK_CHANGED
FAILED /src/lib/service-clients/service-storage/generated/schemas/soupChannelThreadEditedAt.ts net::ERR_NETWORK_CHANGED
FAILED /src/lib/service-clients/service-storage/generated/schemas/soupChatSoupPropertiesField.ts net::ERR_NETWORK_CHANGED
FAILED /src/lib/service-clients/service-storage/generated/schemas/soupChatSoupPropertiesFieldAllOf.ts net::ERR_NETWORK_CHANGED
FAILED /src/lib/service-clients/service-storage/generated/schemas/soupChatSoupPropertiesFieldAllOfTwo.ts net::ERR_NETWORK_CHANGED
FAILED /src/lib/service-clients/service-storage/generated/schemas/soupChatSoupPropertiesFieldAllOfTwoDeletedAt.ts net::ERR_NETWORK_CHANGED
FAILED /src/lib/service-clients/service-storage/generated/schemas/soupChatSoupPropertiesFieldAllOfTwoModel.ts net::ERR_NETWORK_CHANGED
FAILED /src/lib/service-clients/service-storage/generated/schemas/soupChatSoupPropertiesFieldAllOfTwoProjectId.ts net::ERR_NETWORK_CHANGED
FAILED /src/lib/service-clients/service-storage/generated/schemas/soupChatSoupPropertiesFieldAllOfTwoViewedAt.ts net::ERR_NETWORK_CHANGED
FAILED /src/lib/service-clients/service-storage/generated/schemas/soupContact.ts net::ERR_NETWORK_CHANGED
FAILED /src/lib/service-clients/service-storage/generated/schemas/soupContactEmailAddress.ts net::ERR_NETWORK_CHANGED
FAILED /src/lib/service-clients/service-storage/generated/schemas/soupContactName.ts net::ERR_NETWORK_CHANGED
FAILED /src/lib/service-clients/service-storage/generated/schemas/soupContactSfsPhotoUrl.ts net::ERR_NETWORK_CHANGED
FAILED /src/lib/service-clients/service-storage/generated/schemas/soupCountedReaction.ts net::ERR_NETWORK_CHANGED
FAILED /src/lib/service-clients/service-storage/generated/schemas/soupCrmCompanySoupPropertiesField.ts net::ERR_NETWORK_CHANGED
FAILED /src/lib/service-clients/service-storage/generated/schemas/soupCrmCompanySoupPropertiesFieldAllOf.ts net::ERR_NETWORK_CHANGED
FAILED /src/lib/service-clients/service-storage/generated/schemas/soupCrmCompanySoupPropertiesFieldAllOfTwo.ts net::ERR_NETWORK_CHANGED
FAILED /src/lib/service-clients/service-storage/generated/schemas/soupCrmCompanySoupPropertiesFieldAllOfTwoDescription.ts net::ERR_NETWORK_CHANGED
FAILED /src/lib/service-clients/service-storage/generated/schemas/soupCrmCompanySoupPropertiesFieldAllOfTwoName.ts net::ERR_NETWORK_CHANGED
FAILED /src/lib/service-clients/service-storage/generated/schemas/soupCrmCompanySoupPropertiesFieldAllOfTwoViewedAt.ts net::ERR_NETWORK_CHANGED
FAILED /src/lib/service-clients/service-storage/generated/schemas/soupCrmDomain.ts net::ERR_NETWORK_CHANGED
FAILED /src/lib/service-clients/service-storage/generated/schemas/soupDocumentSoupPropertiesField.ts net::ERR_NETWORK_CHANGED
FAILED /src/lib/service-clients/service-storage/generated/schemas/soupDocumentSoupPropertiesFieldAllOf.ts net::ERR_NETWORK_CHANGED
FAILED /src/lib/service-clients/service-storage/generated/schemas/soupDocumentSoupPropertiesFieldAllOfTwo.ts net::ERR_NETWORK_CHANGED
FAILED /src/lib/service-clients/service-storage/generated/schemas/soupDocumentSoupPropertiesFieldAllOfTwoBranchedFromId.ts net::ERR_NETWORK_CHANGED
FAILED /src/lib/service-clients/service-storage/generated/schemas/soupDocumentSoupPropertiesFieldAllOfTwoBranchedFromVersionId.ts net::ERR_NETWORK_CHANGED
FAILED /src/lib/service-clients/service-storage/generated/schemas/soupDocumentSoupPropertiesFieldAllOfTwoDeletedAt.ts net::ERR_NETWORK_CHANGED
FAILED /src/lib/service-clients/service-storage/generated/schemas/soupDocumentSoupPropertiesFieldAllOfTwoDocumentFamilyId.ts net::ERR_NETWORK_CHANGED
FAILED /src/lib/service-clients/service-storage/generated/schemas/soupDocumentSoupPropertiesFieldAllOfTwoFileType.ts net::ERR_NETWORK_CHANGED
FAILED /src/lib/service-clients/service-storage/generated/schemas/soupDocumentSoupPropertiesFieldAllOfTwoProjectId.ts net::ERR_NETWORK_CHANGED
FAILED /src/lib/service-clients/service-storage/generated/schemas/soupDocumentSoupPropertiesFieldAllOfTwoSha.ts net::ERR_NETWORK_CHANGED
FAILED /src/lib/service-clients/service-storage/generated/schemas/soupDocumentSoupPropertiesFieldAllOfTwoSubType.ts net::ERR_NETWORK_CHANGED
FAILED /src/lib/service-clients/service-storage/generated/schemas/soupDocumentSoupPropertiesFieldAllOfTwoViewedAt.ts net::ERR_NETWORK_CHANGED
FAILED /src/lib/service-clients/service-storage/generated/schemas/soupDocumentSubType.ts net::ERR_NETWORK_CHANGED
FAILED /src/lib/service-clients/service-storage/generated/schemas/soupDocumentSubTypeOneOf.ts net::ERR_NETWORK_CHANGED
FAILED /src/lib/service-clients/service-storage/generated/schemas/soupDocumentSubTypeOneOfFive.ts net::ERR_NETWORK_CHANGED
FAILED /src/lib/service-clients/service-storage/generated/schemas/soupDocumentSubTypeOneOfFiveType.ts net::ERR_NETWORK_CHANGED
FAILED /src/lib/service-clients/service-storage/generated/schemas/soupDocumentSubTypeOneOfSeven.ts net::ERR_NETWORK_CHANGED
FAILED /src/lib/service-clients/service-storage/generated/schemas/soupDocumentSubTypeOneOfSevenType.ts net::ERR_NETWORK_CHANGED
FAILED /src/lib/service-clients/service-storage/generated/schemas/soupDocumentSubTypeOneOfThree.ts net::ERR_NETWORK_CHANGED
FAILED /src/lib/service-clients/service-storage/generated/schemas/soupDocumentSubTypeOneOfThreeType.ts net::ERR_NETWORK_CHANGED
FAILED /src/lib/service-clients/service-storage/generated/schemas/soupDocumentSubTypeOneOfType.ts net::ERR_NETWORK_CHANGED
FAILED /src/lib/service-clients/service-storage/generated/schemas/soupEmailThreadPreview.ts net::ERR_NETWORK_CHANGED
FAILED /src/lib/service-clients/service-storage/generated/schemas/soupEmailThreadPreviewName.ts net::ERR_NETWORK_CHANGED
FAILED /src/lib/service-clients/service-storage/generated/schemas/soupEmailThreadPreviewProjectId.ts net::ERR_NETWORK_CHANGED
FAILED /src/lib/service-clients/service-storage/generated/schemas/soupEmailThreadPreviewProviderId.ts net::ERR_NETWORK_CHANGED
FAILED /src/lib/service-clients/service-storage/generated/schemas/soupEmailThreadPreviewSenderEmail.ts net::ERR_NETWORK_CHANGED
FAILED /src/lib/service-clients/service-storage/generated/schemas/soupEmailThreadPreviewSenderName.ts net::ERR_NETWORK_CHANGED
FAILED /src/lib/service-clients/service-storage/generated/schemas/soupEmailThreadPreviewSenderPhotoUrl.ts net::ERR_NETWORK_CHANGED
FAILED /src/lib/service-clients/service-storage/generated/schemas/soupEmailThreadPreviewSnippet.ts net::ERR_NETWORK_CHANGED
FAILED /src/lib/service-clients/service-storage/generated/schemas/soupEmailThreadPreviewViewedAt.ts net::ERR_NETWORK_CHANGED
FAILED /src/lib/service-clients/service-storage/generated/schemas/soupEnrichedEmailThreadPreviewSoupPropertiesField.ts net::ERR_NETWORK_CHANGED
FAILED /src/lib/service-clients/service-storage/generated/schemas/soupEnrichedEmailThreadPreviewSoupPropertiesFieldAllOf.ts net::ERR_NETWORK_CHANGED
FAILED /src/lib/service-clients/service-storage/generated/schemas/soupEnrichedEmailThreadPreviewSoupPropertiesFieldAllOfTwo.ts net::ERR_NETWORK_CHANGED
FAILED /src/lib/service-clients/service-storage/generated/schemas/soupForeignEntity.ts net::ERR_NETWORK_CHANGED
FAILED /src/lib/service-clients/service-storage/generated/schemas/soupForeignEntityMetadata.ts net::ERR_NETWORK_CHANGED
FAILED /src/lib/service-clients/service-storage/generated/schemas/soupItem.ts net::ERR_NETWORK_CHANGED
FAILED /src/lib/service-clients/service-storage/generated/schemas/soupItemOneOf.ts net::ERR_NETWORK_CHANGED
FAILED /src/lib/service-clients/service-storage/generated/schemas/soupItemOneOfFive.ts net::ERR_NETWORK_CHANGED
FAILED /src/lib/service-clients/service-storage/generated/schemas/soupItemOneOfFiveTag.ts net::ERR_NETWORK_CHANGED
FAILED /src/lib/service-clients/service-storage/generated/schemas/soupItemOneOfNine.ts net::ERR_NETWORK_CHANGED
FAILED /src/lib/service-clients/service-storage/generated/schemas/soupItemOneOfNineTag.ts net::ERR_NETWORK_CHANGED
FAILED /src/lib/service-clients/service-storage/generated/schemas/soupItemOneOfOnefive.ts net::ERR_NETWORK_CHANGED
FAILED /src/lib/service-clients/service-storage/generated/schemas/soupItemOneOfOnefiveTag.ts net::ERR_NETWORK_CHANGED
FAILED /src/lib/service-clients/service-storage/generated/schemas/soupItemOneOfOnenine.ts net::ERR_NETWORK_CHANGED
FAILED /src/lib/service-clients/service-storage/generated/schemas/soupItemOneOfOnenineTag.ts net::ERR_NETWORK_CHANGED
FAILED /src/lib/service-clients/service-storage/generated/schemas/soupItemOneOfOneone.ts net::ERR_NETWORK_CHANGED
FAILED /src/lib/service-clients/service-storage/generated/schemas/soupItemOneOfOneoneTag.ts net::ERR_NETWORK_CHANGED
FAILED /src/lib/service-clients/service-storage/generated/schemas/soupItemOneOfOneseven.ts net::ERR_NETWORK_CHANGED
FAILED /src/lib/service-clients/service-storage/generated/schemas/soupItemOneOfOnesevenTag.ts net::ERR_NETWORK_CHANGED
FAILED /src/lib/service-clients/service-storage/generated/schemas/soupItemOneOfOnethree.ts net::ERR_NETWORK_CHANGED
FAILED /src/lib/service-clients/service-storage/generated/schemas/soupItemOneOfOnethreeTag.ts net::ERR_NETWORK_CHANGED
FAILED /src/lib/service-clients/service-storage/generated/schemas/soupItemOneOfSeven.ts net::ERR_NETWORK_CHANGED
FAILED /src/lib/service-clients/service-storage/generated/schemas/soupItemOneOfSevenTag.ts net::ERR_NETWORK_CHANGED
FAILED /src/lib/service-clients/service-storage/generated/schemas/soupItemOneOfTag.ts net::ERR_NETWORK_CHANGED
FAILED /src/lib/service-clients/service-storage/generated/schemas/soupItemOneOfThree.ts net::ERR_NETWORK_CHANGED
FAILED /src/lib/service-clients/service-storage/generated/schemas/soupItemOneOfThreeTag.ts net::ERR_NETWORK_CHANGED
FAILED /src/lib/service-clients/service-storage/generated/schemas/soupItemOneOfTwoone.ts net::ERR_NETWORK_CHANGED
FAILED /src/lib/service-clients/service-storage/generated/schemas/soupItemOneOfTwooneTag.ts net::ERR_NETWORK_CHANGED
FAILED /src/lib/service-clients/service-storage/generated/schemas/soupItemOneOfTwothree.ts net::ERR_NETWORK_CHANGED
FAILED /src/lib/service-clients/service-storage/generated/schemas/soupItemOneOfTwothreeTag.ts net::ERR_NETWORK_CHANGED
FAILED /src/lib/service-clients/service-storage/generated/schemas/soupLabel.ts net::ERR_NETWORK_CHANGED
FAILED /src/lib/service-clients/service-storage/generated/schemas/soupLabelListVisibility.ts net::ERR_NETWORK_CHANGED
FAILED /src/lib/service-clients/service-storage/generated/schemas/soupLabelType.ts net::ERR_NETWORK_CHANGED
FAILED /src/lib/service-clients/service-storage/generated/schemas/soupMessageAttachment.ts net::ERR_NETWORK_CHANGED
FAILED /src/lib/service-clients/service-storage/generated/schemas/soupMessageAttachmentHeight.ts net::ERR_NETWORK_CHANGED
FAILED /src/lib/service-clients/service-storage/generated/schemas/soupMessageAttachmentWidth.ts net::ERR_NETWORK_CHANGED
FAILED /src/lib/service-clients/service-storage/generated/schemas/soupMessageListVisibility.ts net::ERR_NETWORK_CHANGED
FAILED /src/lib/service-clients/service-storage/generated/schemas/soupMessageSender.ts net::ERR_NETWORK_CHANGED
FAILED /src/lib/service-clients/service-storage/generated/schemas/soupMessageSenderAvatarUrl.ts net::ERR_NETWORK_CHANGED
FAILED /src/lib/service-clients/service-storage/generated/schemas/soupMessageSenderName.ts net::ERR_NETWORK_CHANGED
FAILED /src/lib/service-clients/service-storage/generated/schemas/soupMessageSenderType.ts net::ERR_NETWORK_CHANGED
FAILED /src/lib/service-clients/service-storage/generated/schemas/soupPage.ts net::ERR_NETWORK_CHANGED
FAILED /src/lib/service-clients/service-storage/generated/schemas/soupPageNextCursor.ts net::ERR_NETWORK_CHANGED
FAILED /src/lib/service-clients/service-storage/generated/schemas/soupProjectSoupPropertiesField.ts net::ERR_NETWORK_CHANGED
FAILED /src/lib/service-clients/service-storage/generated/schemas/soupProjectSoupPropertiesFieldAllOf.ts net::ERR_NETWORK_CHANGED
FAILED /src/lib/service-clients/service-storage/generated/schemas/soupProjectSoupPropertiesFieldAllOfTwo.ts net::ERR_NETWORK_CHANGED
FAILED /src/lib/service-clients/service-storage/generated/schemas/soupProjectSoupPropertiesFieldAllOfTwoDeletedAt.ts net::ERR_NETWORK_CHANGED
FAILED /src/lib/service-clients/service-storage/generated/schemas/soupProjectSoupPropertiesFieldAllOfTwoParentId.ts net::ERR_NETWORK_CHANGED
FAILED /src/lib/service-clients/service-storage/generated/schemas/soupProjectSoupPropertiesFieldAllOfTwoViewedAt.ts net::ERR_NETWORK_CHANGED
FAILED /src/lib/service-clients/service-storage/generated/schemas/soupPropertiesField.ts net::ERR_NETWORK_CHANGED
FAILED /src/lib/service-clients/service-storage/generated/schemas/soupProperty.ts net::ERR_NETWORK_CHANGED
FAILED /src/lib/service-clients/service-storage/generated/schemas/soupPropertyValue.ts net::ERR_NETWORK_CHANGED
FAILED /src/lib/service-clients/service-storage/generated/schemas/soupReminderReference.ts net::ERR_NETWORK_CHANGED
FAILED /src/lib/service-clients/service-storage/generated/schemas/soupReminderReferenceEntityType.ts net::ERR_NETWORK_CHANGED
FAILED /src/lib/service-clients/service-storage/generated/schemas/soupReminderReferenceFileType.ts net::ERR_NETWORK_CHANGED
FAILED /src/lib/service-clients/service-storage/generated/schemas/soupReminderReferenceSubType.ts net::ERR_NETWORK_CHANGED
FAILED /src/lib/service-clients/service-storage/generated/schemas/soupReminderSchedule.ts net::ERR_NETWORK_CHANGED
FAILED /src/lib/service-clients/service-storage/generated/schemas/soupReminderScheduleOneOf.ts net::ERR_NETWORK_CHANGED
FAILED /src/lib/service-clients/service-storage/generated/schemas/soupReminderScheduleOneOfThree.ts net::ERR_NETWORK_CHANGED
FAILED /src/lib/service-clients/service-storage/generated/schemas/soupThreadInfo.ts net::ERR_NETWORK_CHANGED
FAILED /src/lib/service-clients/service-storage/generated/schemas/soupThreadInfoLatestReplyAt.ts net::ERR_NETWORK_CHANGED
FAILED /src/lib/service-clients/service-storage/generated/schemas/soupThreadReply.ts net::ERR_NETWORK_CHANGED
FAILED /src/lib/service-clients/service-storage/generated/schemas/soupThreadReplyEditedAt.ts net::ERR_NETWORK_CHANGED
FAILED /src/lib/service-clients/service-storage/generated/schemas/starterDocumentsResponse.ts net::ERR_NETWORK_CHANGED
FAILED /src/lib/service-clients/service-storage/generated/schemas/streamEventsParams.ts net::ERR_NETWORK_CHANGED
FAILED /src/lib/service-clients/service-storage/generated/schemas/string.ts net::ERR_NETWORK_CHANGED
FAILED /src/lib/service-clients/service-storage/generated/schemas/successResponse.ts net::ERR_NETWORK_CHANGED
FAILED /src/lib/service-clients/service-storage/generated/schemas/surfaceState.ts net::ERR_NETWORK_CHANGED
FAILED /src/lib/service-clients/service-storage/generated/schemas/syncServiceVersionID.ts net::ERR_NETWORK_CHANGED
FAILED /src/lib/service-clients/service-storage/generated/schemas/systemSkillSummary.ts net::ERR_NETWORK_CHANGED
FAILED /src/lib/service-clients/service-storage/generated/schemas/tagFilterMode.ts net::ERR_NETWORK_CHANGED
FAILED /src/lib/service-clients/service-storage/generated/schemas/taskFilters.ts net::ERR_NETWORK_CHANGED
FAILED /src/lib/service-clients/service-storage/generated/schemas/taskFiltersIncludeCbmAtmNc.ts net::ERR_NETWORK_CHANGED
FAILED /src/lib/service-clients/service-storage/generated/schemas/teamOutOfOfficeItem.ts net::ERR_NETWORK_CHANGED
FAILED /src/lib/service-clients/service-storage/generated/schemas/teamOutOfOfficeItemTitle.ts net::ERR_NETWORK_CHANGED
FAILED /src/lib/service-clients/service-storage/generated/schemas/teamOutOfOfficeResponse.ts net::ERR_NETWORK_CHANGED
FAILED /src/lib/service-clients/service-storage/generated/schemas/teamRole.ts net::ERR_NETWORK_CHANGED
FAILED /src/lib/service-clients/service-storage/generated/schemas/thread.ts net::ERR_NETWORK_CHANGED
FAILED /src/lib/service-clients/service-storage/generated/schemas/threadAnchor.ts net::ERR_NETWORK_CHANGED
FAILED /src/lib/service-clients/service-storage/generated/schemas/threadAnchorOneOf.ts net::ERR_NETWORK_CHANGED
FAILED /src/lib/service-clients/service-storage/generated/schemas/threadAnchorOneOfFive.ts net::ERR_NETWORK_CHANGED
FAILED /src/lib/service-clients/service-storage/generated/schemas/threadAnchorOneOfFiveType.ts net::ERR_NETWORK_CHANGED
FAILED /src/lib/service-clients/service-storage/generated/schemas/threadAnchorOneOfThree.ts net::ERR_NETWORK_CHANGED
FAILED /src/lib/service-clients/service-storage/generated/schemas/threadAnchorOneOfThreeType.ts net::ERR_NETWORK_CHANGED
FAILED /src/lib/service-clients/service-storage/generated/schemas/threadAnchorOneOfType.ts net::ERR_NETWORK_CHANGED
FAILED /src/lib/service-clients/service-storage/generated/schemas/threadCreatedAt.ts net::ERR_NETWORK_CHANGED
FAILED /src/lib/service-clients/service-storage/generated/schemas/threadDeletedAt.ts net::ERR_NETWORK_CHANGED
FAILED /src/lib/service-clients/service-storage/generated/schemas/threadOrigin.ts net::ERR_NETWORK_CHANGED
FAILED /src/lib/service-clients/service-storage/generated/schemas/threadOriginChannelId.ts net::ERR_NETWORK_CHANGED
FAILED /src/lib/service-clients/service-storage/generated/schemas/threadPatch.ts net::ERR_NETWORK_CHANGED
FAILED /src/lib/service-clients/service-storage/generated/schemas/threadPatchNonce.ts net::ERR_NETWORK_CHANGED
FAILED /src/lib/service-clients/service-storage/generated/schemas/threadPatchResolved.ts net::ERR_NETWORK_CHANGED
FAILED /src/lib/service-clients/service-storage/generated/schemas/threadResponse.ts net::ERR_NETWORK_CHANGED
FAILED /src/lib/service-clients/service-storage/generated/schemas/threadState.ts net::ERR_NETWORK_CHANGED
FAILED /src/lib/service-clients/service-storage/generated/schemas/threadStateAnchor.ts net::ERR_NETWORK_CHANGED
FAILED /src/lib/service-clients/service-storage/generated/schemas/threadStateDeletedAt.ts net::ERR_NETWORK_CHANGED
FAILED /src/lib/service-clients/service-storage/generated/schemas/threadUpdatedAt.ts net::ERR_NETWORK_CHANGED
FAILED /src/lib/service-clients/service-storage/generated/schemas/transcriptSegmentRequest.ts net::ERR_NETWORK_CHANGED
FAILED /src/lib/service-clients/service-storage/generated/schemas/transcriptSegmentRequestDiarizedSpeakerId.ts net::ERR_NETWORK_CHANGED
FAILED /src/lib/service-clients/service-storage/generated/schemas/transcriptSegmentRequestEmbedding.ts net::ERR_NETWORK_CHANGED
FAILED /src/lib/service-clients/service-storage/generated/schemas/transcriptSegmentRequestEndedAt.ts net::ERR_NETWORK_CHANGED
FAILED /src/lib/service-clients/service-storage/generated/schemas/transcriptSegmentRequestStreamStartedAt.ts net::ERR_NETWORK_CHANGED
FAILED /src/lib/service-clients/service-storage/generated/schemas/turnEndedMetadata.ts net::ERR_NETWORK_CHANGED
FAILED /src/lib/service-clients/service-storage/generated/schemas/turnEndedMetadataActor.ts net::ERR_NETWORK_CHANGED
FAILED /src/lib/service-clients/service-storage/generated/schemas/turnEndedMetadataAnnouncementMessageId.ts net::ERR_NETWORK_CHANGED
FAILED /src/lib/service-clients/service-storage/generated/schemas/turnStartedMetadata.ts net::ERR_NETWORK_CHANGED
FAILED /src/lib/service-clients/service-storage/generated/schemas/turnStartedMetadataActor.ts net::ERR_NETWORK_CHANGED
FAILED /src/lib/service-clients/service-storage/generated/schemas/turnStartedMetadataAnnouncementMessageId.ts net::ERR_NETWORK_CHANGED
FAILED /src/lib/service-clients/service-storage/generated/schemas/turnSummary.ts net::ERR_NETWORK_CHANGED
FAILED /src/lib/service-clients/service-storage/generated/schemas/turnSummaryActor.ts net::ERR_NETWORK_CHANGED
FAILED /src/lib/service-clients/service-storage/generated/schemas/turnSummaryAnnouncementMessageId.ts net::ERR_NETWORK_CHANGED
FAILED /src/lib/service-clients/service-storage/generated/schemas/turnSummaryExcerpt.ts net::ERR_NETWORK_CHANGED
FAILED /src/lib/service-clients/service-storage/generated/schemas/typedSuccessResponse.ts net::ERR_NETWORK_CHANGED
FAILED /src/lib/service-clients/service-storage/generated/schemas/typedSuccessResponseDataOneOf.ts net::ERR_NETWORK_CHANGED
FAILED /src/lib/service-clients/service-storage/generated/schemas/typedSuccessResponseGetDocumentResponseData.ts net::ERR_NETWORK_CHANGED
FAILED /src/lib/service-clients/service-storage/generated/schemas/typedSuccessResponseGetDocumentResponseDataDataOneOf.ts net::ERR_NETWORK_CHANGED
FAILED /src/lib/service-clients/service-storage/generated/schemas/typedSuccessResponseGetDocumentResponseDataDataOneOfViewLocation.ts net::ERR_NETWORK_CHANGED
FAILED /src/lib/service-clients/service-storage/generated/schemas/typingAction.ts net::ERR_NETWORK_CHANGED
FAILED /src/lib/service-clients/service-storage/generated/schemas/typingInput.ts net::ERR_NETWORK_CHANGED
FAILED /src/lib/service-clients/service-storage/generated/schemas/typingInputNonce.ts net::ERR_NETWORK_CHANGED
FAILED /src/lib/service-clients/service-storage/generated/schemas/typingInputThreadId.ts net::ERR_NETWORK_CHANGED
FAILED /src/lib/service-clients/service-storage/generated/schemas/unthreadedPdfUuidRequest.ts net::ERR_NETWORK_CHANGED
FAILED /src/lib/service-clients/service-storage/generated/schemas/unthreadedPdfUuidRequestOneOf.ts net::ERR_NETWORK_CHANGED
FAILED /src/lib/service-clients/service-storage/generated/schemas/unthreadedPdfUuidRequestOneOfAttachmentType.ts net::ERR_NETWORK_CHANGED
FAILED /src/lib/service-clients/service-storage/generated/schemas/updateAgentRequest.ts net::ERR_NETWORK_CHANGED
FAILED /src/lib/service-clients/service-storage/generated/schemas/updateAgentRequestAutoAcceptPermissions.ts net::ERR_NETWORK_CHANGED
FAILED /src/lib/service-clients/service-storage/generated/schemas/updateAgentRequestAvatarUrl.ts net::ERR_NETWORK_CHANGED
FAILED /src/lib/service-clients/service-storage/generated/schemas/updateAgentRequestDescription.ts net::ERR_NETWORK_CHANGED
FAILED /src/lib/service-clients/service-storage/generated/schemas/updateAgentRequestHarnessId.ts net::ERR_NETWORK_CHANGED
FAILED /src/lib/service-clients/service-storage/generated/schemas/updateAgentRequestTeamId.ts net::ERR_NETWORK_CHANGED
FAILED /src/lib/service-clients/service-storage/generated/schemas/updateChannelSharePermission.ts net::ERR_NETWORK_CHANGED
FAILED /src/lib/service-clients/service-storage/generated/schemas/updateChannelSharePermissionAccessLevel.ts net::ERR_NETWORK_CHANGED
FAILED /src/lib/service-clients/service-storage/generated/schemas/updateCrmTeamSettingsRequest.ts net::ERR_NETWORK_CHANGED
FAILED /src/lib/service-clients/service-storage/generated/schemas/updateCrmTeamSettingsRequestClosedStageIds.ts net::ERR_NETWORK_CHANGED
FAILED /src/lib/service-clients/service-storage/generated/schemas/updateCrmTeamSettingsRequestDefaultTeamViewId.ts net::ERR_NETWORK_CHANGED
FAILED /src/lib/service-clients/service-storage/generated/schemas/updateCrmTeamSettingsRequestDeleteRecordsRole.ts net::ERR_NETWORK_CHANGED
FAILED /src/lib/service-clients/service-storage/generated/schemas/updateCrmTeamSettingsRequestEditStagesRole.ts net::ERR_NETWORK_CHANGED
FAILED /src/lib/service-clients/service-storage/generated/schemas/updateCrmTeamSettingsRequestMoveClosedDealsRole.ts net::ERR_NETWORK_CHANGED
FAILED /src/lib/service-clients/service-storage/generated/schemas/updateInitiativeRequest.ts net::ERR_NETWORK_CHANGED
FAILED /src/lib/service-clients/service-storage/generated/schemas/updateInitiativeRequestMemberIds.ts net::ERR_NETWORK_CHANGED
FAILED /src/lib/service-clients/service-storage/generated/schemas/updateInitiativeRequestName.ts net::ERR_NETWORK_CHANGED
FAILED /src/lib/service-clients/service-storage/generated/schemas/updateInitiativeRequestSharePermission.ts net::ERR_NETWORK_CHANGED
FAILED /src/lib/service-clients/service-storage/generated/schemas/updateOperation.ts net::ERR_NETWORK_CHANGED
FAILED /src/lib/service-clients/service-storage/generated/schemas/updateReminderRequest.ts net::ERR_NETWORK_CHANGED
FAILED /src/lib/service-clients/service-storage/generated/schemas/updateSharePermissionRequestV2.ts net::ERR_NETWORK_CHANGED
FAILED /src/lib/service-clients/service-storage/generated/schemas/updateSharePermissionRequestV2ChannelSharePermissions.ts net::ERR_NETWORK_CHANGED
FAILED /src/lib/service-clients/service-storage/generated/schemas/updateSharePermissionRequestV2LinkShare.ts net::ERR_NETWORK_CHANGED
FAILED /src/lib/service-clients/service-storage/generated/schemas/updateSharePermissionRequestV2LinkShareAccessLevel.ts net::ERR_NETWORK_CHANGED
FAILED /src/lib/service-clients/service-storage/generated/schemas/updateSharePermissionRequestV2TeamShareAccessLevel.ts net::ERR_NETWORK_CHANGED
FAILED /src/lib/service-clients/service-storage/generated/schemas/uploadDocumentStatus.ts net::ERR_NETWORK_CHANGED
FAILED /src/lib/service-clients/service-storage/generated/schemas/uploadExtractFolderHandler200.ts net::ERR_NETWORK_CHANGED
FAILED /src/lib/service-clients/service-storage/generated/schemas/uploadExtractFolderHandler200DataOneOf.ts net::ERR_NETWORK_CHANGED
FAILED /src/lib/service-clients/service-storage/generated/schemas/uploadExtractFolderRequest.ts net::ERR_NETWORK_CHANGED
FAILED /src/lib/service-clients/service-storage/generated/schemas/uploadExtractFolderRequestName.ts net::ERR_NETWORK_CHANGED
FAILED /src/lib/service-clients/service-storage/generated/schemas/uploadExtractFolderRequestParentId.ts net::ERR_NETWORK_CHANGED
FAILED /src/lib/service-clients/service-storage/generated/schemas/uploadFolderHandler200.ts net::ERR_NETWORK_CHANGED
FAILED /src/lib/service-clients/service-storage/generated/schemas/uploadFolderHandler200DataOneOf.ts net::ERR_NETWORK_CHANGED
FAILED /src/lib/service-clients/service-storage/generated/schemas/uploadFolderRequest.ts net::ERR_NETWORK_CHANGED
FAILED /src/lib/service-clients/service-storage/generated/schemas/uploadFolderRequestParentId.ts net::ERR_NETWORK_CHANGED
FAILED /src/lib/service-clients/service-storage/generated/schemas/upsertUserDocumentViewLocationRequest.ts net::ERR_NETWORK_CHANGED
FAILED /src/lib/service-clients/service-storage/generated/schemas/userApiKeyId.ts net::ERR_NETWORK_CHANGED
FAILED /src/lib/service-clients/service-storage/generated/schemas/userApiKeyInfo.ts net::ERR_NETWORK_CHANGED
FAILED /src/lib/service-clients/service-storage/generated/schemas/userApiKeysList.ts net::ERR_NETWORK_CHANGED
FAILED /src/lib/service-clients/service-storage/generated/schemas/userDocumentsResponse.ts net::ERR_NETWORK_CHANGED
FAILED /src/lib/service-clients/service-storage/generated/schemas/userDocumentsResponseNextOffset.ts net::ERR_NETWORK_CHANGED
FAILED /src/lib/service-clients/service-storage/generated/schemas/userDocumentViewLocation.ts net::ERR_NETWORK_CHANGED
FAILED /src/lib/service-clients/service-storage/generated/schemas/userDocumentViewLocationResponse.ts net::ERR_NETWORK_CHANGED
FAILED /src/lib/service-clients/service-storage/generated/schemas/userDocumentViewLocationResponseLocation.ts net::ERR_NETWORK_CHANGED
FAILED /src/lib/service-clients/service-storage/generated/schemas/userPinsResponse.ts net::ERR_NETWORK_CHANGED
FAILED /src/lib/service-clients/service-storage/generated/schemas/userViewsResponse.ts net::ERR_NETWORK_CHANGED
FAILED /src/lib/service-clients/service-storage/generated/schemas/validateWebhookResponse.ts net::ERR_NETWORK_CHANGED
FAILED /src/lib/service-clients/service-storage/generated/schemas/validateWebhookResponseMessage.ts net::ERR_NETWORK_CHANGED
FAILED /src/lib/service-clients/service-storage/generated/schemas/validateWebhookResponseResponseStatus.ts net::ERR_NETWORK_CHANGED
FAILED /src/lib/service-clients/service-storage/generated/schemas/vec.ts net::ERR_NETWORK_CHANGED
FAILED /src/lib/service-clients/service-storage/generated/schemas/vecItem.ts net::ERR_NETWORK_CHANGED
FAILED /src/lib/service-clients/service-storage/generated/schemas/vecItemIds.ts net::ERR_NETWORK_CHANGED
FAILED /src/lib/service-clients/service-storage/generated/schemas/view.ts net::ERR_NETWORK_CHANGED
FAILED /src/lib/service-clients/service-storage/generated/schemas/viewPatch.ts net::ERR_NETWORK_CHANGED
FAILED /src/lib/service-clients/service-storage/generated/schemas/viewPatchName.ts net::ERR_NETWORK_CHANGED
FAILED /src/lib/service-clients/service-storage/generated/schemas/viewsResponse.ts net::ERR_NETWORK_CHANGED
FAILED /src/lib/service-clients/service-storage/generated/schemas/waitingForInputMetadata.ts net::ERR_NETWORK_CHANGED
FAILED /src/lib/service-clients/service-storage/generated/schemas/waitingForInputMetadataAnnouncementMessageId.ts net::ERR_NETWORK_CHANGED
FAILED /src/lib/service-clients/service-storage/generated/schemas/webhook.ts net::ERR_NETWORK_CHANGED
FAILED /src/lib/service-clients/service-storage/generated/schemas/webhookDeletedAt.ts net::ERR_NETWORK_CHANGED
FAILED /src/lib/service-clients/service-storage/generated/schemas/webhookFilter.ts net::ERR_NETWORK_CHANGED
FAILED /src/lib/service-clients/service-storage/generated/schemas/webhookFilterIds.ts net::ERR_NETWORK_CHANGED
FAILED /src/lib/service-clients/service-storage/generated/schemas/webhookScope.ts net::ERR_NETWORK_CHANGED
FAILED /src/lib/service-clients/service-storage/generated/schemas/webhookStatus.ts net::ERR_NETWORK_CHANGED
FAILED /src/lib/service-clients/service-storage/generated/schemas/withCallId.ts net::ERR_NETWORK_CHANGED
FAILED /src/lib/service-clients/service-storage/generated/schemas/withChannelId.ts net::ERR_NETWORK_CHANGED
FAILED /src/lib/service-clients/service-storage/generated/schemas/withDocumentId.ts net::ERR_NETWORK_CHANGED
FAILED /src/lib/service-clients/service-storage/generated/schemas/withProjectId.ts net::ERR_NETWORK_CHANGED
FAILED /src/features/activity/queries/decode.ts net::ERR_NETWORK_CHANGED
FAILED /src/lib/service-clients/service-connection/generated/schemas/index.ts net::ERR_NETWORK_CHANGED
FAILED /src/features/activity/primitives/entity-opener.ts net::ERR_NETWORK_CHANGED
FAILED /src/features/email-message/core/name.ts net::ERR_NETWORK_CHANGED
FAILED /@fs/home/teo/.herdr/worktrees/macro/machine/packages/loro-mirror/src/core/diff.ts net::ERR_NETWORK_CHANGED
FAILED /src/features/email-thread/primitives/scroll-to-message.ts net::ERR_NETWORK_CHANGED
FAILED /src/features/email-thread/primitives/thread-drafts.ts net::ERR_NETWORK_CHANGED
FAILED /src/features/email-thread/primitives/thread-recipients.ts net::ERR_NETWORK_CHANGED
FAILED /src/features/email-thread/primitives/thread-snapshot.ts net::ERR_NETWORK_CHANGED
FAILED /src/features/email-compose/context/email-form-context.tsx net::ERR_NETWORK_CHANGED
FAILED /src/features/email-thread/primitives/thread-navigation.ts net::ERR_NETWORK_CHANGED
FAILED /src/features/email-thread/primitives/thread-reply-area.ts net::ERR_NETWORK_CHANGED
FAILED /src/features/email-thread/views/bottom-reply-buttons.tsx net::ERR_NETWORK_CHANGED
FAILED /src/features/email-thread/views/message-list.tsx net::ERR_NETWORK_CHANGED
FAILED /src/features/email-thread/views/mobile-email-compose-drawer.tsx net::ERR_NETWORK_CHANGED
FAILED /src/lib/core/comments/MessageTopRow.tsx net::ERR_NETWORK_CHANGED
FAILED /src/lib/core/component/LexicalMarkdown/collaboration/cursor.ts net::ERR_NETWORK_CHANGED
FAILED /src/lib/core/component/LexicalMarkdown/collaboration/LexicalAwareness.ts net::ERR_NETWORK_CHANGED
FAILED /src/lib/core/component/LexicalMarkdown/collaboration/reconcile.ts net::ERR_NETWORK_CHANGED
FAILED /src/lib/core/component/LexicalMarkdown/collaboration/remote-cursor.tsx net::ERR_NETWORK_CHANGED
FAILED /@fs/home/teo/.herdr/worktrees/macro/machine/packages/collaboration/src/collab/awareness.ts net::ERR_NETWORK_CHANGED
FAILED /@fs/home/teo/.herdr/worktrees/macro/machine/packages/collaboration/src/collab/engine.ts net::ERR_NETWORK_CHANGED
FAILED /src/components/icon/macro-grid-noise-loader-4.svg net::ERR_NETWORK_CHANGED
FAILED /@fs/home/teo/.herdr/worktrees/macro/machine/node_modules/@phosphor-icons/core/assets/regular/paper-plane-right.svg net::ERR_NETWORK_CHANGED
FAILED /@fs/tmp/macro-machine-proof/call-session/services/ai-editing-worker/src/ai-editing/doc/index.ts net::ERR_NETWORK_CHANGED
FAILED /@fs/home/teo/.herdr/worktrees/macro/machine/node_modules/@phosphor-icons/core/assets/regular/number-one.svg net::ERR_NETWORK_CHANGED
FAILED /@fs/home/teo/.herdr/worktrees/macro/machine/node_modules/@phosphor-icons/core/assets/regular/plus-square.svg net::ERR_NETWORK_CHANGED
FAILED /@fs/home/teo/.herdr/worktrees/macro/machine/node_modules/@phosphor-icons/core/assets/regular/text-h.svg net::ERR_NETWORK_CHANGED
FAILED /src/features/block-md/component/MediaSelector.tsx net::ERR_NETWORK_CHANGED
FAILED /src/features/block-md/component/TableInsert.tsx net::ERR_NETWORK_CHANGED
FAILED /src/features/block-pdf/component/block.css net::ERR_NETWORK_CHANGED
FAILED /src/features/block-pdf/signal/save.ts net::ERR_NETWORK_CHANGED
FAILED /src/features/block-pdf/signal/setting.ts net::ERR_NETWORK_CHANGED
FAILED /src/features/block-pdf/store/highlight.ts net::ERR_NETWORK_CHANGED
FAILED /src/features/block-pdf/store/placeables.ts net::ERR_NETWORK_CHANGED
FAILED /src/features/block-pdf/store/tableOfContents.ts net::ERR_NETWORK_CHANGED
FAILED /src/features/block-pdf/type/coParse.ts net::ERR_NETWORK_CHANGED
FAILED /src/features/block-pdf/websocket/preprocess.ts net::ERR_NETWORK_CHANGED
FAILED /src/features/block-pdf/component/Document.tsx net::ERR_NETWORK_CHANGED
FAILED /@fs/home/teo/.herdr/worktrees/macro/machine/node_modules/@phosphor-icons/core/assets/regular/tabs.svg net::ERR_NETWORK_CHANGED
FAILED /src/features/block-pdf/component/MarkupToolbar.tsx net::ERR_NETWORK_CHANGED
FAILED /src/features/block-pdf/component/PageNumberInput.tsx net::ERR_NETWORK_CHANGED
FAILED /src/features/block-pdf/signal/pdfViewer.tsx net::ERR_NETWORK_CHANGED
FAILED /src/features/block-pdf/signal/tab.ts net::ERR_NETWORK_CHANGED
FAILED /src/features/block-pdf/context/pdf-document-state.ts net::ERR_NETWORK_CHANGED
FAILED /src/features/block-pdf/PdfViewer/EventBus.ts net::ERR_NETWORK_CHANGED
FAILED /src/lib/core/util/waitForSignal.ts net::ERR_NETWORK_CHANGED
FAILED /src/features/agent-changes/core/changeset.ts net::ERR_NETWORK_CHANGED
FAILED /src/features/agent-changes/core/file-tree.ts net::ERR_NETWORK_CHANGED
FAILED /src/features/agent-changes/core/patch.ts net::ERR_NETWORK_CHANGED
FAILED /src/features/agent-changes/core/layout.ts net::ERR_NETWORK_CHANGED
FAILED /src/features/agent-changes/primitives/create-persisted-session-state.ts net::ERR_NETWORK_CHANGED
FAILED /src/features/agent-changes/components/ChangesHeader.tsx net::ERR_NETWORK_CHANGED
FAILED /src/features/agent-changes/components/ChangesNotice.tsx net::ERR_NETWORK_CHANGED
FAILED /src/features/agent-changes/components/FileCard.tsx net::ERR_NETWORK_CHANGED
FAILED /src/features/agent-changes/components/FileTree.tsx net::ERR_NETWORK_CHANGED
FAILED /src/features/agent-changes/components/PierreFileDiff.tsx net::ERR_NETWORK_CHANGED
FAILED /src/features/agent-changes/components/ReviewBar.tsx net::ERR_NETWORK_CHANGED
FAILED /src/features/agent-changes/primitives/create-theme-type.ts net::ERR_NETWORK_CHANGED
FAILED /src/features/agent-changes/core/pull-request.ts net::ERR_NETWORK_CHANGED
FAILED /src/features/agent-changes/components/DiffCounts.tsx net::ERR_NETWORK_CHANGED
FAILED /@fs/home/teo/.herdr/worktrees/macro/machine/node_modules/@phosphor-icons/core/assets/regular/square-split-horizontal.svg net::ERR_NETWORK_CHANGED
FAILED /@fs/home/teo/.herdr/worktrees/macro/machine/node_modules/@phosphor-icons/core/assets/regular/note.svg net::ERR_NETWORK_CHANGED
FAILED /src/features/block-agent/component/parts/UserToolCall.tsx net::ERR_NETWORK_CHANGED
FAILED /src/features/block-agent/component/parts/hideIncompleteMacroXml.ts net::ERR_NETWORK_CHANGED
FAILED /src/features/block-agent/component/parts/EditToolCall.tsx net::ERR_NETWORK_CHANGED
FAILED /src/features/block-agent/component/parts/ExchangeToolCall.tsx net::ERR_NETWORK_CHANGED
FAILED /src/features/block-agent/component/parts/MacroToolCall.tsx net::ERR_NETWORK_CHANGED
FAILED /src/features/block-agent/component/parts/OutputToolCall.tsx net::ERR_NETWORK_CHANGED
FAILED /src/features/block-agent/component/parts/PathsToolCall.tsx net::ERR_NETWORK_CHANGED
FAILED /src/features/block-agent/component/parts/SearchToolCall.tsx net::ERR_NETWORK_CHANGED
FAILED /src/features/block-agent/component/parts/SubagentToolCall.tsx net::ERR_NETWORK_CHANGED
FAILED /src/features/block-agent/component/parts/TerminalToolCall.tsx net::ERR_NETWORK_CHANGED
FAILED /local/macro-favicon.svg net::ERR_NETWORK_CHANGED
Retry app load after failed module requests 1
FAILED /auth/team net::ERR_ABORTED
FAILED /dss/call/5eedd269-41ae-8e1b-b5b1-c430237fa3c3/active net::ERR_ABORTED
FAILED /email/email/links/health-check net::ERR_ABORTED
Call action failed Error: You're already in another call. Leave your current call before joining a new one.
    at Object.join (http://localhost:3009/src/features/channel/Call/call-lifecycle.ts?t=1789942837773:361:33)
    at Object.joinCall (http://localhost:3009/src/features/channel/Call/use-call.ts?t=1789942840280:14:31)
    at joinCall (http://localhost:3009/src/features/channel/Call/ChannelCallButton.tsx?t=1789942840280:55:18)
    at HTMLButtonElement.handleClick [as $$click] (http://localhost:3009/src/features/channel/Call/ChannelCallButton.tsx?t=1789942840280:81:11)
    at handleNode (http://localhost:3009/@fs/tmp/macro-machine-proof/vite-cache-3009/deps/chunk-CVZXVNZJ.js?v=817b43dc:912:63)
    at HTMLDocument.eventHandler (http://localhost:3009/@fs/tmp/macro-machine-proof/vite-cache-3009/deps/chunk-CVZXVNZJ.js?v=817b43dc:933:12)
    at _ZoneDelegate.invokeTask (http://localhost:3009/@fs/tmp/macro-machine-proof/vite-cache-3009/deps/@opentelemetry_context-zone.js?v=f81fe74b:542:171)
    at _ZoneImpl2.runTask (http://localhost:3009/@fs/tmp/macro-machine-proof/vite-cache-3009/deps/@opentelemetry_context-zone.js?v=f81fe74b:323:37)
    at ZoneTask.invokeTask [as invoke] (http://localhost:3009/@fs/tmp/macro-machine-proof/vite-cache-3009/deps/@opentelemetry_context-zone.js?v=f81fe74b:619:26)
    at invokeTask (http://localhost:3009/@fs/tmp/macro-machine-proof/vite-cache-3009/deps/@opentelemetry_context-zone.js?v=f81fe74b:1137:12)
UI CONTROLS {"leaveControls":1,"otherTokens":0,"guidanceVisible":true}
FAILED /dss/call/5eedd269-41ae-8e1b-b5b1-c430237fa3c3/active net::ERR_ABORTED
FAILED /dss/call/5eedd269-41ae-8e1b-b5b1-c430237fa3c3/active net::ERR_ABORTED
